<?xml version="1.0" encoding="UTF-8" standalone="no"?>
<installcomponents>
    <assemblyProperties displayName="TIBCO Runtime Agent XSLT Plugin" installLocation="${tra.home}"/>
    <installcomponent buildType="formal" currenttimestamp="11-12-2012-12-24-PM" prefix="product_tibco" sizeinbytes="133193" uid="tra_xsltplugin" version="5.0.5.003">
        <file loc="lib/XSLTPluginFactory.jar" md5sum="299263ebf23a763039b87f241389593f" perm="555" sizeinbytes="11482" timestamp="1129656614000"/>
        <file loc="lib/libXSLTPluginFactory.so" md5sum="8fd1e7e585d0cb37b162200f6604d43c" perm="555" sizeinbytes="113519" timestamp="1129656614000"/>
    </installcomponent>
    <directorylist>
        <dir loc="lib" perm="664" sizeinbytes="129097"/>
    </directorylist>
</installcomponents>
