<?xml version="1.0" encoding="UTF-8" standalone="no"?>
<installcomponents>
    <assemblyProperties displayName="Third Party Core Libraries - OPENSSL" installLocation="${tpcl.home}"/>
    <installcomponent buildType="formal" currenttimestamp="10-23-2012-07-18-PM" prefix="product_tibco" sizeinbytes="4501324" uid="tpcl_openssl" version="4.4.3.003">
        <file loc="lib/libssl.so" md5sum="a3e27a41611911f03ce78e076586d52d" perm="555" sizeinbytes="283019" timestamp="1206668524000"/>
        <file loc="lib/libssl.a" md5sum="82eb3709365733f9eb52a05799608af9" perm="555" sizeinbytes="388142" timestamp="1206668524000"/>
        <file loc="lib/libcrypto.so" md5sum="c385348ad4dc773780b0d8aff8e010b2" perm="555" sizeinbytes="1452961" timestamp="1206668524000"/>
        <file loc="lib/libcrypto.a" md5sum="2766e961c0520dfd1c7666453eaf3fc3" perm="555" sizeinbytes="2369010" timestamp="1206668524000"/>
    </installcomponent>
    <directorylist>
        <dir loc="lib" perm="664" sizeinbytes="4497228"/>
    </directorylist>
</installcomponents>
