<?xml version="1.0" encoding="UTF-8" standalone="no"?>
<installcomponents>
    <assemblyProperties displayName="TIBCO Hawk AMI 64bit" installLocation="${hawk.home}"/>
    <installcomponent buildType="formal" currenttimestamp="11-19-2010-02-54-PM" prefix="product_tibco" sizeinbytes="726462" uid="hawk_ami_64bit" version="4.9.0.028">
        <file loc="ami_api/lib/libtibhawkami.a" perm="644" sizeinbytes="92882" timestamp="1289871773000"/>
        <file loc="ami_api/lib/libtibhawkamicpp64.a" perm="644" sizeinbytes="103668" timestamp="1289871774000"/>
        <file loc="ami_api/lib/libtibhawkami64.so" perm="644" sizeinbytes="102406" timestamp="1289871774000"/>
        <file loc="ami_api/lib/libtibhawkami64.a" perm="644" sizeinbytes="140154" timestamp="1289871774000"/>
        <file loc="ami_api/lib/libtibhawkami.so" perm="644" sizeinbytes="89927" timestamp="1289871774000"/>
        <file loc="ami_api/lib/libtibhawkamicpp.a" perm="644" sizeinbytes="73222" timestamp="1289871774000"/>
        <file loc="ami_api/lib/libtibhawkamicpp64.so" perm="644" sizeinbytes="59965" timestamp="1289871774000"/>
        <file loc="ami_api/lib/libtibhawkamicpp.so" perm="644" sizeinbytes="51950" timestamp="1289871774000"/>
    </installcomponent>
    <directorylist>
        <dir loc="ami_api" perm="664" sizeinbytes="722366"/>
        <dir loc="ami_api/lib" perm="664" sizeinbytes="718270"/>
    </directorylist>
</installcomponents>
