<?xml version="1.0" encoding="UTF-8" standalone="no"?>
<installcomponents>
    <assemblyProperties displayName="TIBCO Designer Runtime" installLocation="${designer.home}"/>
    <wizardAction class="com.tibco.installer.wizard.action.TIBCODoStuffWithFilesWizardAction" sequence="post-selection">
        <condition class="com.tibco.installer.wizard.condition.TIBCOFileExistsWizardCondition">
            <property mustBeMet="true"/>
            <property filename="${designer.home.esc}/bin/designer.tra"/>
        </condition>
        <property sourceFile="${designer.home.esc}/bin/designer.tra"/>
        <property targetFile="${designer.home.esc}/bin/designer.tra_prev"/>
        <property fileAction="copy"/>
        <property overwriteExistingFile="true"/>
        <property showProgress="true"/>
        <property description="Saving previous version of designer.tra"/>
    </wizardAction>
    <wizardAction class="com.tibco.installer.wizard.action.TIBCOCheckForInstallLoc" sequence="post-install">
        <property productAcronym="RV"/>
        <property minimumVersion="${minimum.rv.version}"/>
        <property vpdUID="tibrv"/>
        <property productAssemblyUID="product_tibco_rv_common"/>
        <property productAssemblyMinVersion="${minimum.rv.version}"/>
        <property showProgress="true"/>
        <property description="Checking RV install location"/>
    </wizardAction>
    <wizardAction class="com.tibco.installer.wizard.action.TIBCOCheckForInstallLoc" sequence="post-install">
        <property productAcronym="hawk"/>
        <property minimumVersion="${minimum.hawk.version}"/>
        <property vpdUID="hawk_agent"/>
        <property productAssemblyUID="product_tibco_hawk_agent_common"/>
        <property productAssemblyMinVersion="${minimum.hawk.version}"/>
        <property showProgress="true"/>
        <property description="Checking Hawk install location"/>
    </wizardAction>
    <wizardAction class="com.tibco.installer.wizard.action.TIBCOCheckForInstallLoc" sequence="post-install">
        <property productAcronym="tpcl"/>
        <property minimumVersion="${minimum.tpcl.version}"/>
        <property vpdUID="tpcl"/>
        <property productAssemblyUID="product_tibco_tpcl_common"/>
        <property productAssemblyMinVersion="${minimum.tpcl.version}"/>
        <property showProgress="true"/>
        <property description="Checking TPCL install location"/>
    </wizardAction>
    <wizardAction class="com.tibco.installer.wizard.action.TIBCOCheckForInstallLoc" sequence="post-install">
        <property productAcronym="TRA"/>
        <property minimumVersion="${minimum.tra.version}"/>
        <property vpdUID="TRA"/>
        <property productAssemblyUID="product_tibco_tra_platform"/>
        <property productAssemblyMinVersion="${minimum.tra.version}"/>
        <property showProgress="true"/>
        <property description="Checking TRA install location"/>
    </wizardAction>
    <wizardAction class="com.tibco.installer.wizard.action.TIBCOCreateWindowsShortcutWizardAction" sequence="post-install">
        <property shortcutFolder="TIBCO/${tibco.environment.name}/TIBCO Designer ${designer.short.version}"/>
        <property shortcutName="TIBCO Designer"/>
        <property shortcutTarget="${designer.home}/bin/designer.exe"/>
        <property shortcutArgs=""/>
        <property shortcutIcon=""/>
        <property shortcutWorkingDirectory="${designer.home}/bin"/>
        <property showProgress="true"/>
        <property description="Creating TIBCO Designer Shortcut"/>
    </wizardAction>
    <wizardAction class="com.tibco.installer.wizard.action.TIBCORemoveWindowsShortcutWizardAction" sequence="post-install">
        <property shortcutFolder="TIBCO/${tibco.environment.name}/TIBCO Designer ${designer.short.version}"/>
        <property shortcutName="Uninstall"/>
    </wizardAction>
    <wizardAction class="com.tibco.installer.wizard.action.TIBCORemoveWindowsShortcutWizardAction" sequence="post-uninstall">
        <property shortcutFolder="TIBCO/${tibco.environment.name}/TIBCO Designer ${designer.short.version}"/>
        <property shortcutName="TIBCO Designer"/>
        <property showProgress="true"/>
        <property description="Removing TIBCO Designer Shortcut"/>
    </wizardAction>
    <installcomponent buildType="formal" currenttimestamp="11-14-2012-11-02-AM" prefix="product_tibco" sizeinbytes="19266" uid="designer_runtime" version="5.8.0.010">
        <file loc="bin/buildlibrary.tra_template" md5sum="3d500a9df2a53da5d1358e2b9038bfea" perm="644" sizeinbytes="2990" timestamp="1351040998000"/>
        <file loc="bin/validateproject.tra_template" md5sum="f1d28f974ed508cdf4a00f91c71e8648" perm="644" sizeinbytes="3019" timestamp="1351040998000"/>
        <file loc="bin/designer.tra_template" md5sum="7152b710a50e5e80457b6d3fedf4a346" perm="644" sizeinbytes="5065" timestamp="1352159620000"/>
    </installcomponent>
    <directorylist>
        <dir loc="bin" perm="664" sizeinbytes="15170"/>
    </directorylist>
</installcomponents>
