<?xml version="1.0" encoding="utf-8"?>
<WebWorksHelpBook version="5.0" name="Installation Guide" context="TIB_TRA_5.8.0_installation" locale="en" xmlns="urn:WebWorks-Help-Book-Files-Schema">
  <CommonWordsToSkip minlen="3">
    a about after all also am an and another any are as at
    be because been before being between both but by
    came can come copyright corp corporation could
    did do does
    each etc
    for from
    get goes got
    had has have he her here him himself his how
    if in inc into is it its
    let like
    make many me might more most much must my
    never nor not now
    of off on one only or other our out over own
    reserved rights
    said same see set shall she should since so some still such
    take than that the their them then there these they this those though through to too
    under us use
    very
    was way we well were what when where which while who why will with would
    yes yet you your
   </CommonWordsToSkip>
  <ScoringPrefs>
    <meta name="keywords" weight="100" />
    <meta name="description" weight="50" />
    <meta name="summary" weight="50" />
    <title weight="20" />
    <h1 weight="15" />
    <h2 weight="10" />
    <caption weight="10" />
    <h3 weight="7" />
    <th weight="5" />
    <h4 weight="5" />
    <h5 weight="4" />
    <h6 weight="3" />
    <h7 weight="2" />
  </ScoringPrefs>
  <DocumentInfo>
    <Document title="TIBCO Runtime Agent™" href="title.1.1.htm" />
    <Document title="Important Information" href="copyrigh.htm" />
    <Document title="Preface" href="preface.2.1.htm" />
    <Document title="Changes from the Previous Release of this Guide" href="preface.2.2.htm" />
    <Document title="Related Documentation" href="preface.2.3.htm" />
    <Document title="Typographical Conventions" href="preface.2.4.htm" />
    <Document title="Connecting with TIBCO Resources" href="preface.2.5.htm" />
    <Document title="Installation Overview" href="install.3.01.htm" />
    <Document title="Introduction" href="install.3.02.htm" />
    <Document title="Installing Versions with Higher Version Numbers" href="install.3.03.htm" />
    <Document title="Installation Modes and Disk Space" href="install.3.04.htm" />
    <Document title="Installing TIBCO Runtime Agent" href="install.3.05.htm" />
    <Document title="Installation Prerequisites" href="install.3.06.htm" />
    <Document title="Installation Options" href="install.3.07.htm" />
    <Document title="Uninstalling TIBCO Runtime Agent" href="install.3.08.htm" />
    <Document title="Post Installation Requirements on UNIX" href="install.3.09.htm" />
    <Document title="Installed Components" href="install.3.10.htm" />
    <Document title="Overview" href="install.3.11.htm" />
    <Document title="TIBCO Designer" href="install.3.12.htm" />
    <Document title="Java Runtime Environment" href="install.3.13.htm" />
    <Document title="TIBCO Hawk Agent" href="install.3.14.htm" />
    <Document title="Third-Party Libraries" href="install.3.15.htm" />
    <Document title="TIBCO Domain Utility" href="install.3.16.htm" />
    <Document title="TIBCO Wrapper Utility" href="install.3.17.htm" />
    <Document title="Obfuscate Utility" href="install.3.18.htm" />
    <Document title="ae2xsd Utility" href="install.3.19.htm" />
    <Document title="tramodify Utility" href="install.3.20.htm" />
    <Document title="traUpgradeManager Utility" href="install.3.21.htm" />
    <Document title="traDBConfig Utility" href="install.3.22.htm" />
    <Document title="Other Client Libraries" href="install.3.23.htm" />
    <Document title="Unicode Conversion" href="install.3.24.htm" />
    <Document title="Schema Files" href="install.3.25.htm" />
    <Document title="Hotfix Libraries" href="install.3.26.htm" />
    <Document title="Documentation Locations" href="install.3.27.htm" />
    <Document title="Installation FAQs and Troubleshooting" href="install.3.28.htm" />
    <Document title="Running Out of Disk Space" href="install.3.29.htm" />
    <Document title="DISPLAY Variable FAQ" href="install.3.30.htm" />
    <Document title="TIBCO Administrator: Cannot View Installed Software" href="install.3.31.htm" />
  </DocumentInfo>
  <TopicMap />
</WebWorksHelpBook>