<?xml version="1.0" encoding="utf-8"?>
<WebWorksHelpIX version="5.0" xmlns="urn:WebWorks-Help-Index-Schema">
  <g t="Numerics" o="001" s=" ">
    <i t="64-bit Installation Packages">
      <j l="8#1771675" />
    </i>
  </g>
  <g t="A" o="002">
    <i t="ae2xsd Utility">
      <j l="25" />
    </i>
  </g>
  <g t="C" o="002">
    <i t="changes from the previous release">
      <j l="3" />
    </i>
    <i t="Client Libraries">
      <j l="29" />
    </i>
    <i t="Configuring Vendor Supplied Database Drivers">
      <j l="28" />
    </i>
    <i t="Custom Uninstall">
      <j l="14#1815478" />
    </i>
    <i t="customer support">
      <j l="6#39302" />
    </i>
  </g>
  <g t="D" o="002">
    <i t="DISPLAY Variable FAQ">
      <j l="36" />
    </i>
    <i t="Documentation Locations">
      <j l="33" />
    </i>
  </g>
  <g t="F" o="002">
    <i t="FIPS 140-2">
      <j l="29#1775656" />
    </i>
  </g>
  <g t="H" o="002">
    <i t="Hotfix Libraries">
      <j l="32" />
    </i>
  </g>
  <g t="I" o="002">
    <i t="Installation">
      <i t="Options">
        <j l="13" />
      </i>
      <i t="Prerequisites">
        <j l="12" />
        <j l="12" />
      </i>
    </i>
    <i t="installation home">
      <j l="13#1816446" />
    </i>
    <i t="Installer">
      <i t="Account">
        <j l="12#1748237" />
      </i>
    </i>
    <i t="Installing">
      <i t="to a Networked Drive">
        <j l="12#1805027" />
      </i>
      <i t="Versions with Higher Version Numbers">
        <j l="9" />
      </i>
      <i t="Windows 2000 and 2003 Terminal Server">
        <j l="12#1701300" />
      </i>
    </i>
  </g>
  <g t="J" o="002">
    <i t="Java Runtime Environment">
      <j l="19" />
    </i>
  </g>
  <g t="O" o="002">
    <i t="Obfuscate Utility">
      <j l="24" />
    </i>
  </g>
  <g t="P" o="002">
    <i t="Persistent Object Framework Libraries">
      <j l="29#1702808" />
    </i>
    <i t="Post Installation Requirements">
      <j l="15" />
    </i>
    <i t="Prerequisites for TIBCO BusinessWorks">
      <j l="12" />
    </i>
  </g>
  <g t="R" o="002">
    <i t="Repository Client Libraries and Utilities">
      <j l="29#1702595" />
    </i>
    <i t="Running Out of Disk Space">
      <j l="35" />
    </i>
  </g>
  <g t="S" o="002">
    <i t="Schema Files">
      <j l="31" />
    </i>
    <i t="support, contacting">
      <j l="6#39302" />
    </i>
  </g>
  <g t="T" o="002">
    <i t="technical support">
      <j l="6#39302" />
    </i>
    <i t="Third-Party Libraries">
      <j l="21" />
    </i>
    <i t="TIBCO BusinessWorks">
      <i t="Prerequisites">
        <j l="12" />
      </i>
    </i>
    <i t="TIBCO Crypto Library">
      <j l="29#1702811" />
    </i>
    <i t="TIBCO Wrapper Utility">
      <j l="23" />
    </i>
    <i t="TIBCO_HOME">
      <j l="5#41371" />
    </i>
    <i t="TRA_HOME">
      <j l="5#41373" />
      <j l="13#1816449" />
    </i>
    <i t="tradbcconfig Utility">
      <j l="28" />
    </i>
    <i t="tramodify Utility">
      <j l="26" />
    </i>
    <i t="traUpgradeManager Utility">
      <j l="27" />
    </i>
    <i t="Typical Uninstal">
      <j l="14#1815480" />
    </i>
  </g>
  <g t="U" o="002">
    <i t="Unicode Conversion">
      <j l="30" />
    </i>
    <i t="uninstalling the software">
      <j l="14#1813497" />
    </i>
    <i t="Uninstalling TIBCO Runtime Agent">
      <j l="14" />
    </i>
  </g>
  <g t="V" o="002">
    <i t="Vendor-supplied Database Drivers">
      <j l="12#1803815" />
    </i>
  </g>
  <g t="X" o="002">
    <i t="XML Related Libraries">
      <j l="29#1709960" />
    </i>
  </g>
</WebWorksHelpIX>