<?xml version="1.0" encoding="utf-8"?>
<WebWorksHelpTOC version="5.0" xmlns="urn:WebWorks-Help-TOC-Schema">
  <i t="Preface" l="2">
    <i t="Changes from the Previous Release of this Guide" l="3" />
    <i t="Related Documentation" l="4">
      <i t="TIBCO Runtime Agent Documentation" l="4#41259" />
      <i t="Other TIBCO Product Documentation" l="4#24887" />
    </i>
    <i t="Typographical Conventions" l="5" />
    <i t="Connecting with TIBCO Resources" l="6">
      <i t="How to Join TIBCOmmunity" l="6#39327" />
      <i t="How to Access TIBCO Documentation" l="6#41109" />
      <i t="How to Contact TIBCO Support" l="6#39302" />
    </i>
  </i>
  <i t="Chapter 1 Installation Overview" l="7">
    <i t="Introduction" l="8">
      <i t="64-bit Installation Packages" l="8#1771675" />
      <i t="TIBCO Universal Installer" l="8#1800642" />
    </i>
    <i t="Installing Versions with Higher Version Numbers" l="9">
      <i t="Product Dependency Checking During Installation" l="9#1751649" />
    </i>
    <i t="Installation Modes and Disk Space" l="10">
      <i t="Installation Modes" l="10#1812329" />
      <i t="Disk Space" l="10#1812342" />
    </i>
  </i>
  <i t="Chapter 2 Installing TIBCO Runtime Agent" l="11">
    <i t="Installation Prerequisites" l="12">
      <i t="Supported Platforms" l="12#1754853" />
      <i t="Supported Vendor-supplied Database Drivers" l="12#1803815" />
      <i t="Installer Account" l="12#1748237" />
      <i t="Installing to a Networked Drive" l="12#1805027" />
      <i t="Installing on GUI Mode on Unix" l="12#1813690" />
      <i t="Installing on Windows 2003 and 2008 Terminal Server" l="12#1701300" />
    </i>
    <i t="Installation Options" l="13">
      <i t="Install Using GUI Mode" l="13#1816429" />
      <i t="Install Using Console Mode" l="13#1813214" />
      <i t="Install Using Silent Mode" l="13#1813242" />
    </i>
    <i t="Uninstalling TIBCO Runtime Agent" l="14" />
    <i t="Post Installation Requirements on UNIX" l="15" />
  </i>
  <i t="Chapter 3 Installed Components" l="16">
    <i t="Overview" l="17" />
    <i t="TIBCO Designer" l="18" />
    <i t="Java Runtime Environment" l="19" />
    <i t="TIBCO Hawk Agent" l="20" />
    <i t="Third-Party Libraries" l="21" />
    <i t="TIBCO Domain Utility" l="22" />
    <i t="TIBCO Wrapper Utility" l="23" />
    <i t="Obfuscate Utility" l="24" />
    <i t="ae2xsd Utility" l="25" />
    <i t="tramodify Utility" l="26" />
    <i t="traUpgradeManager Utility" l="27" />
    <i t="traDBConfig Utility" l="28" />
    <i t="Other Client Libraries" l="29">
      <i t="Repository Client Libraries and Utilities" l="29#1702595" />
      <i t="TIBCO Enterprise Message Service Libraries" l="29#1702742" />
      <i t="XML Related Libraries" l="29#1709960" />
      <i t="Persistent Object Framework Libraries" l="29#1702808" />
      <i t="TIBCO Crypto Library" l="29#1702811" />
    </i>
    <i t="Unicode Conversion" l="30" />
    <i t="Schema Files" l="31" />
    <i t="Hotfix Libraries" l="32" />
    <i t="Documentation Locations" l="33" />
  </i>
  <i t="Chapter 4 Installation FAQs and Troubleshooting" l="34">
    <i t="Running Out of Disk Space" l="35" />
    <i t="DISPLAY Variable FAQ" l="36" />
    <i t="TIBCO Administrator: Cannot View Installed Software" l="37" />
  </i>
</WebWorksHelpTOC>