<?xml version="1.0" encoding="utf-8"?>
<WebWorksHelpBook version="5.0" name="Authentication API" context="tib_TRA_addon_auth_user" locale="en" xmlns="urn:WebWorks-Help-Book-Files-Schema">
  <CommonWordsToSkip minlen="3">
    a about after all also am an and another any are as at
    be because been before being between both but by
    came can come copyright corp corporation could
    did do does
    each etc
    for from
    get goes got
    had has have he her here him himself his how
    if in inc into is it its
    let like
    make many me might more most much must my
    never nor not now
    of off on one only or other our out over own
    reserved rights
    said same see set shall she should since so some still such
    take than that the their them then there these they this those though through to too
    under us use
    very
    was way we well were what when where which while who why will with would
    yes yet you your
   </CommonWordsToSkip>
  <ScoringPrefs>
    <meta name="keywords" weight="100" />
    <meta name="description" weight="50" />
    <meta name="summary" weight="50" />
    <title weight="20" />
    <h1 weight="15" />
    <h2 weight="10" />
    <caption weight="10" />
    <h3 weight="7" />
    <th weight="5" />
    <h4 weight="5" />
    <h5 weight="4" />
    <h6 weight="3" />
    <h7 weight="2" />
  </ScoringPrefs>
  <DocumentInfo>
    <Document title="TIBCO Runtime Agent™" href="title.1.1.htm" />
    <Document title="Important Information" href="copyrigh.htm" />
    <Document title="Preface" href="preface.2.1.htm" />
    <Document title="Changes from the Previous Release of this Guide" href="preface.2.2.htm" />
    <Document title="Related Documentation" href="preface.2.3.htm" />
    <Document title="Typographical Conventions" href="preface.2.4.htm" />
    <Document title="Connecting with TIBCO Resources" href="preface.2.5.htm" />
    <Document title="Using the TIBCO Runtime Agent Authentication API" href="auth.3.1.htm" />
    <Document title="Feature Overview" href="auth.3.2.htm" />
    <Document title="API Overview" href="auth.3.3.htm" />
    <Document title="Getting Started with the API" href="auth.3.4.htm" />
    <Document title="Common Aspects of the API" href="auth.3.5.htm" />
    <Document title="Best Practices" href="auth.3.6.htm" />
  </DocumentInfo>
  <TopicMap />
</WebWorksHelpBook>