<?xml version="1.0" encoding="utf-8"?>
<WebWorksHelpIX version="5.0" xmlns="urn:WebWorks-Help-Index-Schema">
  <g t="A" o="002">
    <i t="API Overview">
      <j l="9" />
    </i>
  </g>
  <g t="C" o="002">
    <i t="changes from the previous release of TIBCO Runtime Agent Authentication API User’s Guide">
      <j l="3" />
    </i>
    <i t="Compiling Programs">
      <j l="10#1675238" />
    </i>
    <i t="customer support">
      <j l="6#39302" />
    </i>
  </g>
  <g t="D" o="002">
    <i t="Documentation">
      <j l="4" />
    </i>
    <i t="Documentation, Other TIBCO Product">
      <j l="4#24887" />
    </i>
    <i t="Documentation, TIBCO Runtime Agent">
      <j l="4#40347" />
    </i>
  </g>
  <g t="E" o="002">
    <i t="ENV_NAME">
      <j l="5#41053" />
    </i>
  </g>
  <g t="G" o="002">
    <i t="Getting Started with the API">
      <j l="10" />
    </i>
  </g>
  <g t="R" o="002">
    <i t="Running Programs">
      <j l="10#1675418" />
    </i>
    <i t="Running the Samples">
      <j l="10#1674648" />
    </i>
  </g>
  <g t="S" o="002">
    <i t="support, contacting">
      <j l="6#39302" />
    </i>
  </g>
  <g t="T" o="002">
    <i t="technical support">
      <j l="6#39302" />
    </i>
    <i t="TIBCO_HOME">
      <j l="5#37287" />
    </i>
    <i t="TRA_HOME">
      <j l="5#37288" />
    </i>
  </g>
  <g t="U" o="002">
    <i t="Using the API">
      <j l="10#1673396" />
    </i>
  </g>
</WebWorksHelpIX>