<?xml version="1.0" encoding="utf-8"?>
<WebWorksHelpTOC version="5.0" xmlns="urn:WebWorks-Help-TOC-Schema">
  <i t="Preface" l="2">
    <i t="Changes from the Previous Release of this Guide" l="3" />
    <i t="Related Documentation" l="4">
      <i t="TIBCO Runtime Agent Documentation" l="4#40347" />
      <i t="Other TIBCO Product Documentation" l="4#24887" />
    </i>
    <i t="Typographical Conventions" l="5" />
    <i t="Connecting with TIBCO Resources" l="6">
      <i t="How to Join TIBCOmmunity" l="6#39327" />
      <i t="How to Access All TIBCO Documentation" l="6#39357" />
      <i t="How to Contact TIBCO Support" l="6#39302" />
    </i>
  </i>
  <i t="Chapter 1 Using the TIBCO Runtime Agent Authentication API" l="7">
    <i t="Feature Overview" l="8" />
    <i t="API Overview" l="9" />
    <i t="Getting Started with the API" l="10">
      <i t="Compiling Programs" l="10#1675238" />
      <i t="Running Programs" l="10#1675418" />
      <i t="Running the Samples" l="10#1674648" />
      <i t="Using the API" l="10#1673396" />
    </i>
    <i t="Common Aspects of the API" l="11">
      <i t="Objects and Factory" l="11#1676606" />
      <i t="AuthenticationSubject" l="11#1676609" />
      <i t="RoleMembershipConfig and RoleMembership" l="11#1676612" />
      <i t="AuthUtils" l="11#1676620" />
    </i>
    <i t="Best Practices" l="12">
      <i t="General Tips" l="12#1676640" />
    </i>
  </i>
</WebWorksHelpTOC>