<?xml version="1.0" encoding="UTF-8" standalone="no"?>
<installcomponents>
    <assemblyProperties displayName="Third Party Core Libraries - OPENSSL" installLocation="${tpcl.home}"/>
    <installcomponent buildType="formal" currenttimestamp="10-23-2012-07-18-PM" prefix="product_tibco" sizeinbytes="10315274" uid="tpcl_openssl" version="4.4.3.003">
        <file loc="lib/64/libssl.so" md5sum="fbcbede446ba35053497cfe686fbcce8" perm="555" sizeinbytes="332594" timestamp="1206668523000"/>
        <file loc="lib/64/libssl.a" md5sum="27955166886f7a7e87debc51bbad81ee" perm="555" sizeinbytes="528184" timestamp="1206668522000"/>
        <file loc="lib/64/libcrypto.so" md5sum="3e16f89d59c570b9cdb71f7b5f699083" perm="555" sizeinbytes="1723212" timestamp="1206668523000"/>
        <file loc="lib/64/libcrypto.a" md5sum="cf6c4a387d5989ff8c24a44015981030" perm="555" sizeinbytes="3225864" timestamp="1206668523000"/>
        <file loc="lib/libssl.so" md5sum="a3e27a41611911f03ce78e076586d52d" perm="555" sizeinbytes="283019" timestamp="1206668524000"/>
        <file loc="lib/libssl.a" md5sum="82eb3709365733f9eb52a05799608af9" perm="555" sizeinbytes="388142" timestamp="1206668524000"/>
        <file loc="lib/libcrypto.so" md5sum="c385348ad4dc773780b0d8aff8e010b2" perm="555" sizeinbytes="1452961" timestamp="1206668524000"/>
        <file loc="lib/libcrypto.a" md5sum="2766e961c0520dfd1c7666453eaf3fc3" perm="555" sizeinbytes="2369010" timestamp="1206668524000"/>
    </installcomponent>
    <directorylist>
        <dir loc="lib" perm="664" sizeinbytes="10311178"/>
        <dir loc="lib/64" perm="664" sizeinbytes="5813950"/>
    </directorylist>
</installcomponents>
