<?xml version="1.0" encoding="UTF-8" standalone="no"?>
<installcomponents>
    <assemblyProperties displayName="Third Party Core Libraries - XalanC" installLocation="${tpcl.home}"/>
    <installcomponent buildType="formal" currenttimestamp="10-23-2012-07-05-PM" prefix="product_tibco" sizeinbytes="3702181" uid="tpcl_xalanc" version="1.4.0.003">
        <file loc="lib/64/libxalan-c1_4.so" md5sum="e975ca17c4a12395a6ae79f0b4e1f675" perm="555" sizeinbytes="3689893" timestamp="1149286379000"/>
    </installcomponent>
    <directorylist>
        <dir loc="lib" perm="664" sizeinbytes="3698085"/>
        <dir loc="lib/64" perm="664" sizeinbytes="3693989"/>
    </directorylist>
</installcomponents>
