<?xml version="1.0" encoding="UTF-8" standalone="no"?>
<installcomponents>
    <assemblyProperties displayName="Third Party Core Libraries - Log4J" installLocation="${tpcl.home}"/>
    <installcomponent buildType="formal" currenttimestamp="10-23-2012-10-14-PM" prefix="product_tibco" sizeinbytes="46343490" uid="tpcl_log4j" version="1.2.5.003">
        <file loc="lib/libicule.so" md5sum="c8e04a1f895dea07181bd77c7b4cf77f" perm="777" sizeinbytes="274639" timestamp="1119637861000"/>
        <file loc="lib/libiculx.so.32" md5sum="86e4dfa8fb9589ec3e74615b961f65ae" perm="777" sizeinbytes="44899" timestamp="1119637861000"/>
        <file loc="lib/jcl-over-slf4j-1.5.2.jar" md5sum="3d91ba9b9e30d50e14873609ff024972" perm="555" sizeinbytes="16412" timestamp="1289255670000"/>
        <file loc="lib/slf4j-simple-1.5.2.jar" md5sum="2e288ca747c6066cf7559a504754922c" perm="555" sizeinbytes="7478" timestamp="1282421959000"/>
        <file loc="lib/64/libicule.so" md5sum="820b18005cd710c4fb5b93956cfa47eb" perm="777" sizeinbytes="300574" timestamp="1145574381000"/>
        <file loc="lib/64/libiculx.so.32" md5sum="65ee0e84aa45cdf20f49c5b8839e4e89" perm="777" sizeinbytes="52619" timestamp="1145574382000"/>
        <file loc="lib/64/libicuio.so.32.0" md5sum="97b61a7e6c76d6270ca2fdcc84b88eca" perm="555" sizeinbytes="58571" timestamp="1145574430000"/>
        <file loc="lib/64/libicuio.so" md5sum="97b61a7e6c76d6270ca2fdcc84b88eca" perm="664" sizeinbytes="58571" timestamp="1145574430000"/>
        <file loc="lib/64/libicudata.so.32" md5sum="93f8a4173d61026cb57d5b142521b5b4" perm="777" sizeinbytes="9781543" timestamp="1145574428000"/>
        <file loc="lib/64/libiculx.so" md5sum="65ee0e84aa45cdf20f49c5b8839e4e89" perm="664" sizeinbytes="52619" timestamp="1145574382000"/>
        <file loc="lib/64/libiculx.so.32.0" md5sum="65ee0e84aa45cdf20f49c5b8839e4e89" perm="664" sizeinbytes="52619" timestamp="1145574382000"/>
        <file loc="lib/64/libicule.so.32.0" md5sum="820b18005cd710c4fb5b93956cfa47eb" perm="664" sizeinbytes="300574" timestamp="1145574381000"/>
        <file loc="lib/64/libicutu.so" md5sum="c6fee51085714e11a959eb20f5295f70" perm="777" sizeinbytes="69124" timestamp="1145574385000"/>
        <file loc="lib/64/libicuuc.so.32" md5sum="5411f65ab5021f95ed6a15884c012738" perm="777" sizeinbytes="1106765" timestamp="1145574348000"/>
        <file loc="lib/64/libicuuc.so" md5sum="5411f65ab5021f95ed6a15884c012738" perm="664" sizeinbytes="1106765" timestamp="1145574348000"/>
        <file loc="lib/64/libicutu.so.32" md5sum="c6fee51085714e11a959eb20f5295f70" perm="664" sizeinbytes="69124" timestamp="1145574385000"/>
        <file loc="lib/64/libicule.so.32" md5sum="820b18005cd710c4fb5b93956cfa47eb" perm="664" sizeinbytes="300574" timestamp="1145574381000"/>
        <file loc="lib/64/libicuio.so.32" md5sum="97b61a7e6c76d6270ca2fdcc84b88eca" perm="664" sizeinbytes="58571" timestamp="1145574430000"/>
        <file loc="lib/64/libicui18n.so" md5sum="2aa3f2cc77270fc76b481afaf8f5189b" perm="777" sizeinbytes="1361757" timestamp="1145574373000"/>
        <file loc="lib/64/libicudata.so" md5sum="93f8a4173d61026cb57d5b142521b5b4" perm="664" sizeinbytes="9781543" timestamp="1145574428000"/>
        <file loc="lib/64/libicui18n.so.32" md5sum="2aa3f2cc77270fc76b481afaf8f5189b" perm="664" sizeinbytes="1361757" timestamp="1145574373000"/>
        <file loc="lib/64/libicuuc.so.32.0" md5sum="5411f65ab5021f95ed6a15884c012738" perm="664" sizeinbytes="1106765" timestamp="1145574348000"/>
        <file loc="lib/64/libicutu.so.32.0" md5sum="c6fee51085714e11a959eb20f5295f70" perm="664" sizeinbytes="69124" timestamp="1145574385000"/>
        <file loc="lib/64/libicudata.so.32.0" md5sum="93f8a4173d61026cb57d5b142521b5b4" perm="664" sizeinbytes="9781543" timestamp="1145574428000"/>
        <file loc="lib/64/libicui18n.so.32.0" md5sum="2aa3f2cc77270fc76b481afaf8f5189b" perm="664" sizeinbytes="1361757" timestamp="1145574373000"/>
        <file loc="lib/libicuio.so.32.0" md5sum="d21f365d4787a5eba3f3ad5318c98dad" perm="555" sizeinbytes="45649" timestamp="1119637865000"/>
        <file loc="lib/libicuio.so" md5sum="d21f365d4787a5eba3f3ad5318c98dad" perm="664" sizeinbytes="45649" timestamp="1119637865000"/>
        <file loc="lib/libicudata.so.32" md5sum="c139600c3e6744690c620047f4d6a531" perm="777" sizeinbytes="4606" timestamp="1119637859000"/>
        <file loc="lib/libiculx.so" md5sum="86e4dfa8fb9589ec3e74615b961f65ae" perm="664" sizeinbytes="44899" timestamp="1119637861000"/>
        <file loc="lib/libiculx.so.32.0" md5sum="86e4dfa8fb9589ec3e74615b961f65ae" perm="664" sizeinbytes="44899" timestamp="1119637861000"/>
        <file loc="lib/libicule.so.32.0" md5sum="c8e04a1f895dea07181bd77c7b4cf77f" perm="664" sizeinbytes="274639" timestamp="1119637861000"/>
        <file loc="lib/log4j-1.2.15.jar" md5sum="4d4609998fbc124ce6f0d1d48fca2614" perm="555" sizeinbytes="391834" timestamp="1188026986000"/>
        <file loc="lib/libicuuc.so.32" md5sum="25194341a54b50dfc36f44178ffa6d58" perm="777" sizeinbytes="939516" timestamp="1119637860000"/>
        <file loc="lib/libicuuc.so" md5sum="25194341a54b50dfc36f44178ffa6d58" perm="664" sizeinbytes="939516" timestamp="1119637860000"/>
        <file loc="lib/libicule.so.32" md5sum="c8e04a1f895dea07181bd77c7b4cf77f" perm="664" sizeinbytes="274639" timestamp="1119637861000"/>
        <file loc="lib/slf4j-log4j12-1.5.2.jar" md5sum="e8586f2ccdc618e234d8c849d9708e51" perm="555" sizeinbytes="9501" timestamp="1272580767000"/>
        <file loc="lib/libicuio.so.32" md5sum="d21f365d4787a5eba3f3ad5318c98dad" perm="664" sizeinbytes="45649" timestamp="1119637865000"/>
        <file loc="lib/libicui18n.so" md5sum="e167bcae84c7987d1e172625457606ff" perm="777" sizeinbytes="1255936" timestamp="1119637861000"/>
        <file loc="lib/libicudata.so" md5sum="c139600c3e6744690c620047f4d6a531" perm="664" sizeinbytes="4606" timestamp="1119637859000"/>
        <file loc="lib/libicui18n.so.32" md5sum="e167bcae84c7987d1e172625457606ff" perm="664" sizeinbytes="1255936" timestamp="1119637861000"/>
        <file loc="lib/libicuuc.so.32.0" md5sum="25194341a54b50dfc36f44178ffa6d58" perm="664" sizeinbytes="939516" timestamp="1119637860000"/>
        <file loc="lib/libicudata.so.32.0" md5sum="c139600c3e6744690c620047f4d6a531" perm="664" sizeinbytes="4606" timestamp="1119637859000"/>
        <file loc="lib/slf4j-api-1.5.2.jar" md5sum="65b1f7e4cf16bc840a248be52abee315" perm="555" sizeinbytes="17383" timestamp="1272580767000"/>
        <file loc="lib/libicui18n.so.32.0" md5sum="e167bcae84c7987d1e172625457606ff" perm="664" sizeinbytes="1255936" timestamp="1119637861000"/>
    </installcomponent>
    <directorylist>
        <dir loc="lib" perm="664" sizeinbytes="46339394"/>
        <dir loc="lib/64" perm="664" sizeinbytes="38196955"/>
    </directorylist>
</installcomponents>
