<?xml version="1.0" encoding="UTF-8" standalone="no"?>
<installcomponents>
    <assemblyProperties displayName="TIBCO Hawk AMI 32bit" installLocation="${hawk.home}"/>
    <installcomponent buildType="formal" currenttimestamp="11-19-2010-02-53-PM" prefix="product_tibco" sizeinbytes="320269" uid="hawk_ami_32bit" version="4.9.0.028">
        <file loc="ami_api/lib/libtibhawkami.a" perm="644" sizeinbytes="92882" timestamp="1289871773000"/>
        <file loc="ami_api/lib/libtibhawkami.so" perm="644" sizeinbytes="89927" timestamp="1289871774000"/>
        <file loc="ami_api/lib/libtibhawkamicpp.a" perm="644" sizeinbytes="73222" timestamp="1289871774000"/>
        <file loc="ami_api/lib/libtibhawkamicpp.so" perm="644" sizeinbytes="51950" timestamp="1289871774000"/>
    </installcomponent>
    <directorylist>
        <dir loc="ami_api" perm="664" sizeinbytes="316173"/>
        <dir loc="ami_api/lib" perm="664" sizeinbytes="312077"/>
    </directorylist>
</installcomponents>
