<?xml version="1.0" encoding="UTF-8" standalone="no"?>
<installcomponents>
    <assemblyProperties description="TIBCO Wrapper Executable" installLocation="${tibco.home}/tools/wrapper"/>
    <installcomponent buildType="formal" currenttimestamp="11-06-2012-12-24-AM" prefix="product_tibco" sizeinbytes="354302" uid="wrapper" version="2.3.0.007">
        <file loc="32/wrap" md5sum="9e39c09a915ce918e062e0a602578427" perm="775" sizeinbytes="106424" timestamp="1352188622000"/>
        <file loc="64/wrap" md5sum="a57b57d9aa7228a4b66ea320b199e092" perm="775" sizeinbytes="117795" timestamp="1352188622000"/>
        <file loc="wrap" md5sum="a57b57d9aa7228a4b66ea320b199e092" perm="775" sizeinbytes="117795" timestamp="1352188622000"/>
    </installcomponent>
    <directorylist>
        <dir loc="32" perm="664" sizeinbytes="110520"/>
        <dir loc="64" perm="664" sizeinbytes="121891"/>
    </directorylist>
</installcomponents>
