<?xml version="1.0" encoding="UTF-8" standalone="no"?>
<installcomponents>
    <assemblyProperties displayName="Third Party Core Libraries - Entrust" installLocation="${tpcl.home}"/>
    <installcomponent buildType="formal" currenttimestamp="11-05-2012-12-47-PM" prefix="product_tibco" sizeinbytes="5017960" uid="tpcl_entrust" version="8.0.0.003">
        <file loc="lib/entrust/enttoolkit.jar" md5sum="efe222709bec99d02cdb524806e75f08" perm="555" sizeinbytes="3098707" timestamp="1351622056000"/>
        <file loc="lib/antlr-3.1.3.jar" md5sum="c064c9cfbbf9bff02a1c3c24c4ec5bec" perm="555" sizeinbytes="1906965" timestamp="1243982341000"/>
    </installcomponent>
    <directorylist>
        <dir loc="lib" perm="664" sizeinbytes="5013864"/>
        <dir loc="lib/entrust" perm="664" sizeinbytes="3102803"/>
    </directorylist>
</installcomponents>
