<?xml version="1.0" encoding="utf-8"?>
<WebWorksHelpBook version="5.0" name="Installing into a Cluster" context="tib_TRA_cluster" locale="en" xmlns="urn:WebWorks-Help-Book-Files-Schema">
  <CommonWordsToSkip minlen="3">
    a about after all also am an and another any are as at
    be because been before being between both but by
    came can come copyright corp corporation could
    did do does
    each etc
    for from
    get goes got
    had has have he her here him himself his how
    if in inc into is it its
    let like
    make many me might more most much must my
    never nor not now
    of off on one only or other our out over own
    reserved rights
    said same see set shall she should since so some still such
    take than that the their them then there these they this those though through to too
    under us use
    very
    was way we well were what when where which while who why will with would
    yes yet you your
   </CommonWordsToSkip>
  <ScoringPrefs>
    <meta name="keywords" weight="100" />
    <meta name="description" weight="50" />
    <meta name="summary" weight="50" />
    <title weight="20" />
    <h1 weight="15" />
    <h2 weight="10" />
    <caption weight="10" />
    <h3 weight="7" />
    <th weight="5" />
    <h4 weight="5" />
    <h5 weight="4" />
    <h6 weight="3" />
    <h7 weight="2" />
  </ScoringPrefs>
  <DocumentInfo>
    <Document title="TIBCO Runtime Agent™" href="title.1.1.htm" />
    <Document title="Important Information" href="copyrigh.htm" />
    <Document title="Figures" href="LOF.htm" />
    <Document title="Preface" href="preface.3.1.htm" />
    <Document title="Changes from the Previous Release of this Guide" href="preface.3.2.htm" />
    <Document title="Related Documentation" href="preface.3.3.htm" />
    <Document title="Typographical Conventions" href="preface.3.4.htm" />
    <Document title="Connecting with TIBCO Resources" href="preface.3.5.htm" />
    <Document title="Concepts" href="cluster.4.01.htm" />
    <Document title="Overview" href="cluster.4.02.htm" />
    <Document title="Failover Cluster Characteristics" href="cluster.4.03.htm" />
    <Document title="Cluster Support Limitations" href="cluster.4.04.htm" />
    <Document title="Placing TIBCO Applications into a Cluster Scenarios" href="cluster.4.05.htm" />
    <Document title="Installing the Software Into a Cluster" href="cluster.4.06.htm" />
    <Document title="Overview" href="cluster.4.07.htm" />
    <Document title="Creating a Cluster Group" href="cluster.4.08.htm" />
    <Document title="Installing TIBCO Runtime Agent on the Active Node" href="cluster.4.09.htm" />
    <Document title="Installing TIBCO Administrator on the Active Node" href="cluster.4.10.htm" />
    <Document title="Register the Services with the Cluster" href="cluster.4.11.htm" />
    <Document title="Configure the Second Node" href="cluster.4.12.htm" />
    <Document title="Adding a TIBCO Application as a Service to the Cluster" href="cluster.4.13.htm" />
    <Document title="Adding a TIBCO Application as an Application to a Cluster" href="cluster.4.14.htm" />
    <Document title="Installing TIBCO Software Onto a Shared Drive" href="cluster.4.15.htm" />
    <Document title="Verify the Installation" href="cluster.4.16.htm" />
    <Document title="Installed Files" href="cluster.4.17.htm" />
    <Document title="Deploying and Starting Applications Under Cluster Control" href="cluster.4.18.htm" />
    <Document title="Redeploying Applications" href="cluster.4.19.htm" />
    <Document title="Forcing Redeployment of an NT Service" href="cluster.4.20.htm" />
    <Document title="Starting and Stopping Applications Managed by Cluster Software" href="cluster.4.21.htm" />
    <Document title="Removing Orphaned Services" href="cluster.4.22.htm" />
  </DocumentInfo>
  <TopicMap />
</WebWorksHelpBook>