<?xml version="1.0" encoding="utf-8"?>
<WebWorksHelpIX version="5.0" xmlns="urn:WebWorks-Help-Index-Schema">
  <g t="A" o="002">
    <i t="Active/Active">
      <j l="9#1673166" />
    </i>
    <i t="Active/Passive">
      <j l="9#1673167" />
    </i>
    <i t="Adding a TIBCO Application as a Service to the Cluster">
      <j l="20" />
      <i t="Add the Process as a Service">
        <j l="20#1684657" />
      </i>
      <i t="Bring the Service Online">
        <j l="20#1684965" />
      </i>
      <i t="Change a Service Property">
        <j l="20#1684129" />
      </i>
    </i>
    <i t="Adding a TIBCO Application as an Application to a Cluster">
      <j l="21" />
      <i t="Add the Process as an Application">
        <j l="21#1685054" />
      </i>
      <i t="Bring the Application Online">
        <j l="21#1685123" />
      </i>
      <i t="Change an Application Property">
        <j l="21#1685110" />
      </i>
    </i>
  </g>
  <g t="C" o="002">
    <i t="changes from the previous release of TIBCO Runtime Agent Installing Into a Cluster">
      <j l="4" />
    </i>
    <i t="cluster">
      <j l="9#1671502" />
      <j l="9#1671502" />
    </i>
    <i t="cluster environment">
      <j l="9#1673507" />
    </i>
    <i t="Cluster Support Limitations">
      <j l="11" />
    </i>
    <i t="Cluster Terminology">
      <j l="9#1673159" />
      <i t="Active/Active">
        <j l="9#1673166" />
      </i>
      <i t="Active/Passive">
        <j l="9#1673167" />
      </i>
      <i t="Dependency">
        <j l="9#1673164" />
      </i>
      <i t="failback">
        <j l="9#1673165" />
      </i>
      <i t="Failover">
        <j l="9#1673165" />
      </i>
      <i t="Group">
        <j l="9#1673163" />
      </i>
      <i t="Node">
        <j l="9#1673396" />
      </i>
      <i t="Resource">
        <j l="9#1673162" />
      </i>
      <i t="Rolling Upgrade">
        <j l="9#1678338" />
      </i>
      <i t="Shared storage">
        <j l="9#1673168" />
      </i>
    </i>
    <i t="cluster-aware applications">
      <j l="9#1673507" />
    </i>
    <i t="Cold standby">
      <j l="9#1673514" />
    </i>
    <i t="Configure the Second Node">
      <j l="19" />
      <i t="Bring the Service Online">
        <j l="19#1683254" />
      </i>
      <i t="Install TIBCO Software">
        <j l="19#1682226" />
      </i>
      <i t="Join the Second Node to the Domain">
        <j l="19#1683211" />
      </i>
    </i>
    <i t="Creating a Cluster Group">
      <j l="15" />
    </i>
    <i t="customer support">
      <j l="7#39302" />
    </i>
  </g>
  <g t="D" o="002">
    <i t="Dependency">
      <j l="9#1673164" />
    </i>
    <i t="Deploying and Starting Applications Under Cluster Control">
      <j l="25" />
    </i>
    <i t="Documentation, Other Product">
      <j l="5#24887" />
    </i>
    <i t="Documentation, TIBCO Runtime Agent">
      <j l="5#40347" />
    </i>
    <i t="Domain Not in Cluster and Services in Cluster">
      <j l="12#1672214" />
    </i>
  </g>
  <g t="E" o="002">
    <i t="Entire Domain in a Single Cluster Group">
      <j l="12#1671858" />
    </i>
    <i t="Entire Domain Split Into Multiple Cluster Groups">
      <j l="12#1672209" />
    </i>
    <i t="ENV_NAME">
      <j l="6#41053" />
    </i>
    <i t="Example Installation Diagram">
      <j l="14#1679594" />
    </i>
  </g>
  <g t="F" o="002">
    <i t="failback">
      <j l="9#1673165" />
    </i>
    <i t="Failover">
      <j l="9#1673165" />
    </i>
    <i t="Failover Cluster">
      <j l="10" />
    </i>
    <i t="Forcing Redeployment of an NT Service">
      <j l="27" />
    </i>
  </g>
  <g t="G" o="002">
    <i t="Group">
      <j l="9#1673163" />
    </i>
  </g>
  <g t="H" o="002">
    <i t="High-availability Modes">
      <j l="9#1673511" />
      <i t="Cold standby">
        <j l="9#1673514" />
      </i>
      <i t="Hot standby">
        <j l="9#1673512" />
      </i>
      <i t="Warm standy">
        <j l="9#1673513" />
      </i>
    </i>
    <i t="Hot standby">
      <j l="9#1673512" />
    </i>
  </g>
  <g t="I" o="002">
    <i t="Installed Files">
      <j l="24" />
      <i t="Directory Structure">
        <j l="24#1671640" />
      </i>
      <i t="Domain Home Tracking">
        <j l="24#1671650" />
      </i>
      <i t="Files">
        <j l="24#1671645" />
      </i>
    </i>
    <i t="Installing the Software Into a Cluster">
      <j l="13" />
    </i>
    <i t="Installing TIBCO Administrator on the Active Node">
      <j l="17" />
      <i t="Create the Initial Domain">
        <j l="17#1681778" />
      </i>
    </i>
    <i t="Installing TIBCO Runtime Agent on the Active Node">
      <j l="16" />
    </i>
    <i t="Installing TIBCO Software Onto a Shared Drive">
      <j l="22" />
      <i t="Example">
        <j l="22#1689459" />
      </i>
    </i>
  </g>
  <g t="L" o="002">
    <i t="luster-unaware applications">
      <j l="9#1673507" />
    </i>
  </g>
  <g t="N" o="002">
    <i t="Node">
      <j l="9#1673396" />
    </i>
  </g>
  <g t="P" o="002">
    <i t="place TIBCO applications into a cluster scenarios">
      <j l="12#1696279" />
    </i>
  </g>
  <g t="R" o="002">
    <i t="Redeploying Applications">
      <j l="26" />
    </i>
    <i t="Register the Services with the Cluster">
      <j l="18" />
      <i t="Add Service Name to the Cluster">
        <j l="18#1679721" />
      </i>
      <i t="Change a Service Property">
        <j l="18#1681080" />
      </i>
    </i>
    <i t="Removing Orphaned Services">
      <j l="29" />
    </i>
    <i t="Resource">
      <j l="9#1673162" />
    </i>
    <i t="Rolling Upgrade">
      <j l="9#1678338" />
    </i>
  </g>
  <g t="S" o="002">
    <i t="Shared storage">
      <j l="9#1673168" />
    </i>
    <i t="Starting and Stopping Applications Managed by Cluster Software">
      <j l="28" />
    </i>
    <i t="support, contacting">
      <j l="7#39302" />
    </i>
  </g>
  <g t="T" o="002">
    <i t="technical support">
      <j l="7#39302" />
    </i>
    <i t="TIBCO_HOME">
      <j l="6#37287" />
    </i>
    <i t="TRA_HOME">
      <j l="6#37288" />
    </i>
  </g>
  <g t="V" o="002">
    <i t="Verify the Installation">
      <j l="23" />
    </i>
  </g>
  <g t="W" o="002">
    <i t="Warm standby">
      <j l="9#1673513" />
    </i>
  </g>
</WebWorksHelpIX>