<?xml version="1.0" encoding="utf-8"?>
<WebWorksHelpTOC version="5.0" xmlns="urn:WebWorks-Help-TOC-Schema">
  <i t="Figures" l="2" />
  <i t="Preface" l="3">
    <i t="Changes from the Previous Release of this Guide" l="4" />
    <i t="Related Documentation" l="5">
      <i t="TIBCO Runtime Agent Documentation" l="5#40347" />
      <i t="Other TIBCO Product Documentation" l="5#24887" />
    </i>
    <i t="Typographical Conventions" l="6" />
    <i t="Connecting with TIBCO Resources" l="7">
      <i t="How to Join TIBCOmmunity" l="7#39327" />
      <i t="How to Access All TIBCO Documentation" l="7#39357" />
      <i t="How to Contact TIBCO Support" l="7#39302" />
    </i>
  </i>
  <i t="Chapter 1 Concepts" l="8">
    <i t="Overview" l="9">
      <i t="Cluster Aware and Cluster Unaware Applications" l="9#1673506" />
      <i t="High-availability Modes" l="9#1673511" />
      <i t="Basic Cluster Terminology" l="9#1673159" />
    </i>
    <i t="Failover Cluster Characteristics" l="10" />
    <i t="Cluster Support Limitations" l="11" />
    <i t="Placing TIBCO Applications into a Cluster Scenarios" l="12">
      <i t="Entire Domain in a Single Cluster Group" l="12#1671858" />
      <i t="Entire Domain Split Into Multiple Cluster Groups" l="12#1672209" />
      <i t="Domain Not in Cluster and Services in Cluster" l="12#1672214" />
    </i>
  </i>
  <i t="Chapter 2 Installing the Software Into a Cluster" l="13">
    <i t="Overview" l="14">
      <i t="Example Installation Diagram" l="14#1679594" />
    </i>
    <i t="Creating a Cluster Group" l="15" />
    <i t="Installing TIBCO Runtime Agent on the Active Node" l="16" />
    <i t="Installing TIBCO Administrator on the Active Node" l="17">
      <i t="Create the Initial Domain" l="17#1681778" />
    </i>
    <i t="Register the Services with the Cluster" l="18">
      <i t="Add Service Name to the Cluster" l="18#1679721" />
      <i t="Change a Service Property" l="18#1681080" />
    </i>
    <i t="Configure the Second Node" l="19">
      <i t="Install TIBCO Software" l="19#1682226" />
      <i t="Join the Second Node to the Domain" l="19#1683211" />
      <i t="Bring the Service Online" l="19#1683254" />
    </i>
    <i t="Adding a TIBCO Application as a Service to the Cluster" l="20">
      <i t="Add the Process as a Service" l="20#1684657" />
      <i t="Change a Service Property" l="20#1684129" />
      <i t="Bring the Service Online" l="20#1684965" />
    </i>
    <i t="Adding a TIBCO Application as an Application to a Cluster" l="21">
      <i t="Add the Process as an Application" l="21#1685054" />
      <i t="Change an Application Property" l="21#1685110" />
      <i t="Bring the Application Online" l="21#1685123" />
    </i>
    <i t="Installing TIBCO Software Onto a Shared Drive" l="22" />
    <i t="Verify the Installation" l="23" />
    <i t="Installed Files" l="24" />
  </i>
  <i t="Chapter 3 Deploying and Starting Applications Under Cluster Control" l="25">
    <i t="Redeploying Applications" l="26" />
    <i t="Forcing Redeployment of an NT Service" l="27" />
    <i t="Starting and Stopping Applications Managed by Cluster Software" l="28" />
    <i t="Removing Orphaned Services" l="29" />
  </i>
</WebWorksHelpTOC>