<?xml version="1.0" encoding="UTF-8" standalone="no"?>
<installcomponents>
    <assemblyProperties displayName="TIBCO Hawk RuleBase" installLocation="${hawk.home}"/>
    <installcomponent buildType="formal" currenttimestamp="11-19-2010-02-57-PM" prefix="product_tibco" sizeinbytes="53628" uid="hawk_rulebase" version="4.9.0.028">
        <file loc="config/TibRendezvous.hrb" perm="644" sizeinbytes="15561" timestamp="1289871621000"/>
        <file loc="autoconfig/schedules.hsf" perm="644" sizeinbytes="1473" timestamp="1289871690000"/>
        <file loc="autoconfig/Linux2x.hrb" perm="644" sizeinbytes="21256" timestamp="1289871853000"/>
        <file loc="autoconfig/HawkAgent-Unix.hrb" perm="644" sizeinbytes="3050" timestamp="1289871853000"/>
    </installcomponent>
    <directorylist>
        <dir loc="config" perm="664" sizeinbytes="19657"/>
        <dir loc="autoconfig" perm="664" sizeinbytes="29875"/>
    </directorylist>
</installcomponents>
