<?xml version="1.0" encoding="UTF-8" standalone="no"?>
<installcomponents>
    <assemblyProperties displayName="Third Party Core Libraries - Shared Library" installLocation="${tpcl.home}"/>
    <installcomponent buildType="formal" currenttimestamp="10-23-2012-07-54-PM" prefix="product_tibco" sizeinbytes="4726626" uid="tpcl_sharedlibrary" version="5.8.0.003">
        <file loc="lib/jmxremote_optional.jar" md5sum="6606cffcdd9b6e02e52b13590f47b44e" perm="555" sizeinbytes="202483" timestamp="1132793188000"/>
        <file loc="lib/mail.jar" md5sum="ca8eb72529cd71bec83c6e419ab27290" perm="755" sizeinbytes="494975" timestamp="1295048580000"/>
        <file loc="mx4j/mx4j-remote.jar" md5sum="bacb72e0fcad4259825c7cac1a0efe43" perm="555" sizeinbytes="171138" timestamp="1109671994000"/>
        <file loc="mx4j/mx4j-impl.jar" md5sum="40744b27d4452da6d56281c8d5f99b56" perm="555" sizeinbytes="146008" timestamp="1109671994000"/>
        <file loc="mx4j/mx4j-examples.jar" md5sum="5fe429e53259928effc7d425005b756a" perm="555" sizeinbytes="103993" timestamp="1109671994000"/>
        <file loc="mx4j/mx4j.jar" md5sum="7a8675e26ee20f997ad4f54091e9b7a5" perm="555" sizeinbytes="408051" timestamp="1109671994000"/>
        <file loc="mx4j/mx4j-rimpl.jar" md5sum="53181ba3d8d175ff0ef4b41af7a15b57" perm="555" sizeinbytes="98606" timestamp="1109671994000"/>
        <file loc="mx4j/mx4j-jmx.jar" md5sum="12929acc5ca3c314103ef902176e946a" perm="555" sizeinbytes="262421" timestamp="1109671992000"/>
        <file loc="mx4j/mx4j-tools.jar" md5sum="5f345ad6d9caf2d074df1c7dba35c6c6" perm="555" sizeinbytes="497017" timestamp="1109671994000"/>
        <file loc="mx4j/mx4j-soap.war" md5sum="14f198559aa5c09595931104e94cce1f" perm="555" sizeinbytes="2256736" timestamp="1109671994000"/>
        <file loc="mx4j/mx4j-rjmx.jar" md5sum="a24fa983e2205559e1853e898f1c9f2e" perm="555" sizeinbytes="72910" timestamp="1109671994000"/>
    </installcomponent>
    <directorylist>
        <dir loc="lib" perm="664" sizeinbytes="701554"/>
        <dir loc="mx4j" perm="664" sizeinbytes="4020976"/>
    </directorylist>
</installcomponents>
