<?xml version="1.0" encoding="UTF-8" standalone="no"?>
<installcomponents>
    <assemblyProperties displayName="TIBCO Runtime Agent JMS" installLocation="${tra.home}"/>
    <installcomponent buildType="formal" currenttimestamp="11-12-2012-11-39-AM" prefix="product_tibco" sizeinbytes="2610143" uid="tra_jms" version="6.3.0.009">
        <file loc="lib/libtibjms64.so" md5sum="de2969afd7fb96eb7b3e57b48d2eb6b5" perm="555" sizeinbytes="123008" timestamp="1206668524000"/>
        <file loc="lib/libtibems64.so" md5sum="d9610c66eec5c7041b18b33f5245ecba" perm="555" sizeinbytes="872644" timestamp="1327712310000"/>
        <file loc="lib/libtibems.so" md5sum="9a3de980d195b93364869c7176b2ca4a" perm="555" sizeinbytes="798280" timestamp="1327712216000"/>
        <file loc="lib/libz.so" md5sum="d0478ad6776e0c77d4f832a30bafb383" perm="555" sizeinbytes="76122" timestamp="1327712216000"/>
        <file loc="lib/libtibjms.so" md5sum="65957e5b27151c5b3f28ba03bb318df8" perm="555" sizeinbytes="106327" timestamp="1206668523000"/>
        <file loc="lib/TIBCOjms.jar" md5sum="de1f13a9fd6f39498e3d79d52c10a1f0" perm="555" sizeinbytes="625570" timestamp="1352416951000"/>
    </installcomponent>
    <directorylist>
        <dir loc="lib" perm="664" sizeinbytes="2606047"/>
    </directorylist>
</installcomponents>
