<?xml version="1.0" encoding="UTF-8" standalone="no"?>
<installcomponents>
    <assemblyProperties displayName="TIBCO Runtime Agent DomainUtility" installLocation="${tra.home}"/>
    <installcomponent buildType="formal" currenttimestamp="11-12-2012-12-54-PM" prefix="product_tibco" sizeinbytes="1222875" uid="tra_domainutility" version="5.8.0.016">
        <file loc="lib/log4jProps.jar" md5sum="5a2f3e7e05d8535f6f3f2fcc6194f5e1" perm="555" sizeinbytes="628" timestamp="1352269481000"/>
        <file loc="lib/DUServletEngine.jar" md5sum="d37292c20e40c9639fe928edc85bb764" perm="555" sizeinbytes="131552" timestamp="1352269481000"/>
        <file loc="lib/DomainUtility.jar" md5sum="10cd1fa0fd2e5f97857fdeb202ba2a56" perm="555" sizeinbytes="808964" timestamp="1352269481000"/>
        <file loc="template/domainutility/WebLogicStartupTemplate.sh" md5sum="65933a7556c35c7cf8e19fdbaad216c4" perm="644" sizeinbytes="5131" timestamp="1352260994000"/>
        <file loc="template/domainutility/generate_jars.xml" md5sum="8ae34bde85308e873cdebd08bf4f5d99" perm="644" sizeinbytes="3140" timestamp="1352260995000"/>
        <file loc="template/domainutility/ResinStartupTemplate.sh" md5sum="a6abd5f3ae18bef03c50752ed0adb327" perm="644" sizeinbytes="3704" timestamp="1352260995000"/>
        <file loc="template/domainutility/add_tomcat_servlet_engine_task.xml" md5sum="b1d90366c9ec0fd122a18e406ea543f9" perm="644" sizeinbytes="1375" timestamp="1352260995000"/>
        <file loc="template/domainutility/TomcatStartupTemplate.sh" md5sum="b02d08eb7722e416687c86e4fc2ff379" perm="644" sizeinbytes="5907" timestamp="1352260994000"/>
        <file loc="template/domainutility/add_jrun_servlet_engine_task.xml" md5sum="931065c5b7fa3467905cfa81e14df3dd" perm="644" sizeinbytes="1347" timestamp="1352260995000"/>
        <file loc="template/domainutility/WebLogicManagedStartupTemplate.sh" md5sum="0916d0f8208aba0c5d9c9fb467185fd9" perm="644" sizeinbytes="5944" timestamp="1352260995000"/>
        <file loc="template/domainutility/tomcattra.template_template" md5sum="5c163481598ac55281594a9a132dfdaf" perm="644" sizeinbytes="2731" timestamp="1352260995000"/>
        <file loc="template/domainutility/cmdline/JoinLogicalMachine.xml" md5sum="4684a4e0d0702983ffb67c4d3319c619" perm="644" sizeinbytes="661" timestamp="1352260993000"/>
        <file loc="template/domainutility/cmdline/AddJMSServer.xml" md5sum="53e8e564f1d2b67091ddecd3bcf6810b" perm="644" sizeinbytes="974" timestamp="1352260993000"/>
        <file loc="template/domainutility/cmdline/RemoveJMSServer.xml" md5sum="9b35b6df81d9c5fce97757ebcb170450" perm="644" sizeinbytes="576" timestamp="1352260993000"/>
        <file loc="template/domainutility/cmdline/DomainSecurity.xsd" md5sum="02571ad122d9aadb7ab5b059aaf32d34" perm="644" sizeinbytes="9370" timestamp="1352260993000"/>
        <file loc="template/domainutility/cmdline/EnableHttpsConf.xml" md5sum="ce9789513b700f6f3794e011b94b32ae" perm="644" sizeinbytes="1117" timestamp="1352260993000"/>
        <file loc="template/domainutility/cmdline/ModifyLDAPConfiguration.xml" md5sum="42850345f4af30d67d715d0a8dcadece" perm="644" sizeinbytes="2322" timestamp="1352260993000"/>
        <file loc="template/domainutility/cmdline/AddMachine.xml" md5sum="8641f7137bcc6edd312bd40cabec0a55" perm="644" sizeinbytes="1861" timestamp="1352260993000"/>
        <file loc="template/domainutility/cmdline/CreateDomain.xml" md5sum="15fa406968eaf7cf12a368a7ae6d11e5" perm="644" sizeinbytes="5471" timestamp="1352260993000"/>
        <file loc="template/domainutility/cmdline/AddSecondaryServer.xml" md5sum="c5868e5d88145d2e2c755e12f30e4b92" perm="644" sizeinbytes="2086" timestamp="1352260993000"/>
        <file loc="template/domainutility/cmdline/ModifyRVParameters.xml" md5sum="28aaaf014852325cf90736bcaf5a01ea" perm="644" sizeinbytes="662" timestamp="1352260993000"/>
        <file loc="template/domainutility/cmdline/MigrateDomainTo58.xml" md5sum="38b735200b08e75da059a12f21a040fa" perm="644" sizeinbytes="392" timestamp="1352260993000"/>
        <file loc="template/domainutility/cmdline/ChangeDomainCredentials.xml" md5sum="6291f798855571788a60236fc4c0aea2" perm="644" sizeinbytes="511" timestamp="1352260993000"/>
        <file loc="template/domainutility/cmdline/UpdateJMSServer.xml" md5sum="f364f23acba2b49e6f0ab20af46009bc" perm="644" sizeinbytes="858" timestamp="1352260993000"/>
        <file loc="template/domainutility/cmdline/DeleteDomain.xml" md5sum="113003d8f590eb2455618418e7a0c37c" perm="644" sizeinbytes="476" timestamp="1352260993000"/>
        <file loc="template/domainutility/cmdline/ModifyEMSParameters.xml" md5sum="fc6d64af88125dc036a97c593b504912" perm="644" sizeinbytes="1129" timestamp="1352260993000"/>
        <file loc="template/domainutility/cmdline/SwitchRV2EMS.xml" md5sum="ba669a580acf68c52132f6561aec13d9" perm="644" sizeinbytes="941" timestamp="1352260993000"/>
        <file loc="template/domainutility/cmdline/ModifyDBConfiguration.xml" md5sum="d3a297cd407e98ac2e89a55c63d7dda0" perm="644" sizeinbytes="769" timestamp="1352260993000"/>
        <file loc="template/domainutility/cmdline/AddCustomSoftware.xml" md5sum="73ad60b4c87397bfe77f56a61f49e8e4" perm="644" sizeinbytes="1059" timestamp="1352260993000"/>
        <file loc="template/domainutility/cmdline/Miscellaneous.xml" md5sum="5d7734d267aecf9352fa42c893dfd8b0" perm="644" sizeinbytes="251" timestamp="1352260993000"/>
        <file loc="template/domainutility/cmdline/domainutility.xsd" md5sum="284dc32523096edf0efbee0c6c07a2fb" perm="644" sizeinbytes="20240" timestamp="1352260993000"/>
        <file loc="template/domainutility/hawkagentcfg.template_template" md5sum="bbfd293cfbc33b38d18a6b74c1cf3d02" perm="644" sizeinbytes="7726" timestamp="1352260995000"/>
        <file loc="template/domainutility/jruntra.template_template" md5sum="ccece6b03bc7366a52292c6a84a04f62" perm="644" sizeinbytes="2468" timestamp="1352260995000"/>
        <file loc="template/domainutility/ant.dtd" md5sum="42bf870039cc29c2d6018314f10ce588" perm="644" sizeinbytes="132157" timestamp="1352260995000"/>
        <file loc="template/domainutility/adaptercplustra.template_template" md5sum="495d2a6c80d990f2bd8139f4ac06401d" perm="644" sizeinbytes="1038" timestamp="1352260995000"/>
        <file loc="template/domainutility/hawkagenttra.template_template" md5sum="7275490417f644871794492fd82bfd69" perm="644" sizeinbytes="3066" timestamp="1352260994000"/>
        <file loc="template/domainutility/add_weblogic_servlet_engine_task.xml" md5sum="4e99e98631c0d4333033cb3b040c4cd1" perm="644" sizeinbytes="1328" timestamp="1352260995000"/>
        <file loc="template/domainutility/SunONEShutdownTemplate.sh" md5sum="46bf5c6d425e2547c26b25282d1f3fff" perm="644" sizeinbytes="148" timestamp="1352260995000"/>
        <file loc="template/domainutility/tomcat_server.xml" md5sum="91689b630117e8c4a676ae5941c88625" perm="644" sizeinbytes="16289" timestamp="1352260995000"/>
        <file loc="template/domainutility/add_generic_j2ee_servlet_engine_task.xml" md5sum="fddab45eca1d884ed9a2fd55373af66d" perm="644" sizeinbytes="1363" timestamp="1352260995000"/>
        <file loc="template/domainutility/sunone_server.xml" md5sum="86880cf021d663307014a275fb110036" perm="644" sizeinbytes="1187" timestamp="1352260994000"/>
        <file loc="template/domainutility/adaptertra.template_template" md5sum="c7bafc19ffde978b787eae7cde00476c" perm="644" sizeinbytes="1825" timestamp="1352260995000"/>
        <file loc="template/domainutility/update_servlet_engine_task.xml" md5sum="8e445607dcff231c6c9bfdac202ff304" perm="644" sizeinbytes="1100" timestamp="1352260994000"/>
        <file loc="template/domainutility/SunONEStartupTemplate.sh" md5sum="84bc211cbd09c96fb10a319619d0bc08" perm="644" sizeinbytes="149" timestamp="1352260995000"/>
        <file loc="template/domainutility/add_sun_java_system_web_server_task.xml" md5sum="f1c4ab129b8e63064588e01230b06504" perm="644" sizeinbytes="1245" timestamp="1352260994000"/>
        <file loc="bin/MoveMachine.tra_template" md5sum="c10419a3ff53dc312470110f077db855" perm="644" sizeinbytes="2410" timestamp="1352260981000"/>
        <file loc="bin/dumpnetnum" md5sum="b2976a99b09ce9a945d41d78975658f6" perm="555" sizeinbytes="2651" timestamp="1352260980000"/>
    </installcomponent>
    <directorylist>
        <dir loc="lib" perm="664" sizeinbytes="945240"/>
        <dir loc="template" perm="664" sizeinbytes="264382"/>
        <dir loc="template/domainutility" perm="664" sizeinbytes="260286"/>
        <dir loc="template/domainutility/cmdline" perm="664" sizeinbytes="55822"/>
        <dir loc="bin" perm="664" sizeinbytes="9157"/>
    </directorylist>
</installcomponents>
