<?xml version="1.0" encoding="UTF-8" standalone="no"?>
<installcomponents>
    <assemblyProperties displayName="TIBCO Hawk Shared Native" installLocation="${hawk.home}"/>
    <wizardAction class="com.tibco.installer.wizard.action.TIBCOCreateWindowsShortcutWizardAction" sequence="post-install">
        <property shortcutFolder="TIBCO\${tibco.environment.name}\TIBCO Hawk ${hawk.short.version}"/>
        <property shortcutName="Hawk Configuration"/>
        <property shortcutTarget="${TIBCO_HOME_CONFIG_DIR}\cfgmgmt\hawk\bin\tibhawkconfig.exe"/>
        <property shortcutArgs=""/>
        <property shortcutIcon=""/>
        <property shortcutWorkingDirectory="${TIBCO_HOME_CONFIG_DIR}\cfgmgmt\hawk\bin"/>
    </wizardAction>
    <wizardAction class="com.tibco.installer.wizard.action.TIBCORemoveWindowsShortcutWizardAction" sequence="post-uninstall">
        <property shortcutFolder="TIBCO\${tibco.environment.name}\TIBCO Hawk ${hawk.short.version}"/>
        <property shortcutName="Hawk Configuration"/>
    </wizardAction>
    <installcomponent buildType="formal" currenttimestamp="11-19-2010-02-46-PM" prefix="product_tibco" sizeinbytes="18203" uid="hawk_shared_native" version="4.9.0.028">
        <file loc="samples/etc/hawk2" perm="755" sizeinbytes="5915" timestamp="1289871775000"/>
    </installcomponent>
    <directorylist>
        <dir loc="samples" perm="664" sizeinbytes="14107"/>
        <dir loc="samples/etc" perm="664" sizeinbytes="10011"/>
    </directorylist>
</installcomponents>
