<?xml version="1.0" encoding="UTF-8" standalone="no"?>
<installcomponents>
    <assemblyProperties displayName="Third Party Core Libraries - XercesC" installLocation="${tpcl.home}"/>
    <installcomponent buildType="formal" currenttimestamp="10-23-2012-07-37-PM" prefix="product_tibco" sizeinbytes="11040419" uid="tpcl_xercesc" version="2.1.0.003">
        <file loc="include/xercesc/parsers/SAXParser.hpp" md5sum="020f776696eeed1980bef8034bde6a0a" perm="555" sizeinbytes="72486" timestamp="1037703057000"/>
        <file loc="include/xercesc/parsers/DOMBuilderImpl.hpp" md5sum="74cee48310156a70f40cea06bbe06ec2" perm="555" sizeinbytes="34785" timestamp="1037703057000"/>
        <file loc="include/xercesc/parsers/AbstractDOMParser.hpp" md5sum="c9d3d4ba549fda2cec5f05e328434bf0" perm="555" sizeinbytes="53456" timestamp="1037703057000"/>
        <file loc="include/xercesc/parsers/SAX2XMLReaderImpl.hpp" md5sum="e1289bf2681f8fdd3c16ada18cbc5129" perm="555" sizeinbytes="71278" timestamp="1037703057000"/>
        <file loc="include/xercesc/parsers/XercesDOMParser.hpp" md5sum="0d6635310eb22e92ae47ac82623b606a" perm="555" sizeinbytes="24182" timestamp="1037703057000"/>
        <file loc="include/xercesc/validators/common/CMStateSet.hpp" md5sum="294fb30d0456608397c23ab0ddca9770" perm="555" sizeinbytes="12440" timestamp="1037703062000"/>
        <file loc="include/xercesc/validators/common/ContentLeafNameTypeVector.hpp" md5sum="6c58a4c97574c199666c56e42ea2fb66" perm="555" sizeinbytes="6343" timestamp="1037703062000"/>
        <file loc="include/xercesc/validators/common/ContentSpecNode.hpp" md5sum="90ac8e1932ad3e2dee0ee7b84467bf21" perm="555" sizeinbytes="16039" timestamp="1037703062000"/>
        <file loc="include/xercesc/validators/common/DFAContentModel.hpp" md5sum="6340b1c290670916bbb326e427f6de38" perm="555" sizeinbytes="13207" timestamp="1037703062000"/>
        <file loc="include/xercesc/validators/common/CMUnaryOp.hpp" md5sum="ed8a4730550c58c99559def25f81ec7d" perm="555" sizeinbytes="5740" timestamp="1037703062000"/>
        <file loc="include/xercesc/validators/common/GrammarResolver.hpp" md5sum="fe8a26a1c0491d0b8ac92e8710229730" perm="555" sizeinbytes="7669" timestamp="1037703063000"/>
        <file loc="include/xercesc/validators/common/MixedContentModel.hpp" md5sum="c41caecebc1c052d2f4061d69e419769" perm="555" sizeinbytes="10194" timestamp="1037703063000"/>
        <file loc="include/xercesc/validators/common/CMAny.hpp" md5sum="19d023d502998726444e3da3858b7e28" perm="555" sizeinbytes="5419" timestamp="1037703062000"/>
        <file loc="include/xercesc/validators/common/Grammar.hpp" md5sum="98875cd9f233c532838162fb8d2945ac" perm="555" sizeinbytes="8251" timestamp="1037703062000"/>
        <file loc="include/xercesc/validators/common/AllContentModel.hpp" md5sum="c28ce5a5e8073401b85001f1bf6c6da2" perm="555" sizeinbytes="7334" timestamp="1037703062000"/>
        <file loc="include/xercesc/validators/common/CMLeaf.hpp" md5sum="f77c9daa432e6ff7456114883e39e2ce" perm="555" sizeinbytes="11029" timestamp="1037703062000"/>
        <file loc="include/xercesc/validators/common/CMNode.hpp" md5sum="458c8cdd1ed6aa2736480b785b4a5a21" perm="555" sizeinbytes="8912" timestamp="1037703062000"/>
        <file loc="include/xercesc/validators/common/SimpleContentModel.hpp" md5sum="f08042102df0915be572ce8978bb4bf7" perm="555" sizeinbytes="10340" timestamp="1037703063000"/>
        <file loc="include/xercesc/validators/common/CMBinaryOp.hpp" md5sum="caa9730c95cb0a60b466dd1672c2a727" perm="555" sizeinbytes="5858" timestamp="1037703062000"/>
        <file loc="include/xercesc/validators/schema/identity/FieldValueMap.hpp" md5sum="848d755c0eba1d29a7b0fa7374368a0c" perm="555" sizeinbytes="7790" timestamp="1037703064000"/>
        <file loc="include/xercesc/validators/schema/identity/XPathException.hpp" md5sum="75e86deaf5957950988188a76689829c" perm="555" sizeinbytes="3017" timestamp="1037703064000"/>
        <file loc="include/xercesc/validators/schema/identity/IdentityConstraint.hpp" md5sum="15a80c2d50b6c0e3142c9d11ab6b2b83" perm="555" sizeinbytes="8082" timestamp="1037703064000"/>
        <file loc="include/xercesc/validators/schema/identity/IC_KeyRef.hpp" md5sum="339429025f7ffaebf984769c6152db0e" perm="555" sizeinbytes="4692" timestamp="1037703064000"/>
        <file loc="include/xercesc/validators/schema/identity/IC_Selector.hpp" md5sum="bfecc18bf091606275b7fb850b5f7f46" perm="555" sizeinbytes="7307" timestamp="1037703064000"/>
        <file loc="include/xercesc/validators/schema/identity/XPathSymbols.hpp" md5sum="211d5c4ca40bde81020c0e0f28ba4364" perm="555" sizeinbytes="4179" timestamp="1037703064000"/>
        <file loc="include/xercesc/validators/schema/identity/XercesXPath.hpp" md5sum="83cf6dc7b9122f167400b9ac30ac3a29" perm="555" sizeinbytes="20529" timestamp="1037703064000"/>
        <file loc="include/xercesc/validators/schema/identity/IC_Field.hpp" md5sum="ae171bb3dfd348afc973f93bd82bc1e0" perm="555" sizeinbytes="7359" timestamp="1037703064000"/>
        <file loc="include/xercesc/validators/schema/identity/FieldActivator.hpp" md5sum="684dde7598d00edb15dc006c773a91fe" perm="555" sizeinbytes="6084" timestamp="1037703064000"/>
        <file loc="include/xercesc/validators/schema/identity/ValueStore.hpp" md5sum="dfda360fa130063c4a2351cf10efda24" perm="555" sizeinbytes="6992" timestamp="1037703064000"/>
        <file loc="include/xercesc/validators/schema/identity/XPathMatcherStack.hpp" md5sum="67425e386ffcc13220cc7a9e6db9e9f7" perm="555" sizeinbytes="6461" timestamp="1037703064000"/>
        <file loc="include/xercesc/validators/schema/identity/ValueStoreCache.hpp" md5sum="687b1ab2b562cbef92d58329f07df287" perm="555" sizeinbytes="8819" timestamp="1037703064000"/>
        <file loc="include/xercesc/validators/schema/identity/IC_Unique.hpp" md5sum="d7a959c070128134bb604144add32c49" perm="555" sizeinbytes="4367" timestamp="1037703064000"/>
        <file loc="include/xercesc/validators/schema/identity/IC_Key.hpp" md5sum="d6df7f901fec57bea74b260639317776" perm="555" sizeinbytes="4274" timestamp="1037703064000"/>
        <file loc="include/xercesc/validators/schema/identity/XPathMatcher.hpp" md5sum="fb2425282bf5a635c0178e32c4e0cc12" perm="555" sizeinbytes="8019" timestamp="1037703064000"/>
        <file loc="include/xercesc/validators/schema/SchemaValidator.hpp" md5sum="72154a83e4d6b51fa58aad08b2532fb1" perm="555" sizeinbytes="19035" timestamp="1037703064000"/>
        <file loc="include/xercesc/validators/schema/TraverseSchema.hpp" md5sum="892491f8930a65eaf95b67d58fa44744" perm="555" sizeinbytes="41748" timestamp="1037703064000"/>
        <file loc="include/xercesc/validators/schema/SchemaSymbols.hpp" md5sum="14b5d3a3338a0195594a8d103c0a3724" perm="555" sizeinbytes="10725" timestamp="1037703064000"/>
        <file loc="include/xercesc/validators/schema/XercesAttGroupInfo.hpp" md5sum="dc723f3e98dd2f77da6556d0ffd43bb1" perm="555" sizeinbytes="8493" timestamp="1037703064000"/>
        <file loc="include/xercesc/validators/schema/XercesElementWildcard.hpp" md5sum="39deb1482931a9ceaee9dc6fd27a91ce" perm="555" sizeinbytes="5329" timestamp="1037703064000"/>
        <file loc="include/xercesc/validators/schema/SchemaInfo.hpp" md5sum="97341eb9162ae0b028e4ef4fc8791c94" perm="555" sizeinbytes="15131" timestamp="1037703064000"/>
        <file loc="include/xercesc/validators/schema/SchemaAttDefList.hpp" md5sum="5aec184dd2c36b17ade7dfdcdd3fcdff" perm="555" sizeinbytes="5801" timestamp="1037703064000"/>
        <file loc="include/xercesc/validators/schema/XSDErrorReporter.hpp" md5sum="1e32744bdfebfb2841beedbb120a9df2" perm="555" sizeinbytes="6183" timestamp="1037703064000"/>
        <file loc="include/xercesc/validators/schema/SchemaAttDef.hpp" md5sum="396b67309e0519c27e025ec14977b539" perm="555" sizeinbytes="8681" timestamp="1037703064000"/>
        <file loc="include/xercesc/validators/schema/XSDDOMParser.hpp" md5sum="83f576e2638adcc6741e102e66203734" perm="555" sizeinbytes="5936" timestamp="1037703064000"/>
        <file loc="include/xercesc/validators/schema/SchemaElementDecl.hpp" md5sum="6a51cef7ab84a92b76a5e466a23f7f07" perm="555" sizeinbytes="18371" timestamp="1037703064000"/>
        <file loc="include/xercesc/validators/schema/SchemaGrammar.hpp" md5sum="c6bbe95c239b0bd3297685e352cf3449" perm="555" sizeinbytes="20404" timestamp="1037703064000"/>
        <file loc="include/xercesc/validators/schema/SubstitutionGroupComparator.hpp" md5sum="34f028aa3594c337754a960b79dd9a0c" perm="555" sizeinbytes="6023" timestamp="1037703064000"/>
        <file loc="include/xercesc/validators/schema/XUtil.hpp" md5sum="a4a2ee30c48021bfaa0d2d4623c06445" perm="555" sizeinbytes="4928" timestamp="1037703064000"/>
        <file loc="include/xercesc/validators/schema/ComplexTypeInfo.hpp" md5sum="0cc4a54ac7fe6ae8791e0d2e5e8c5337" perm="555" sizeinbytes="16875" timestamp="1037703064000"/>
        <file loc="include/xercesc/validators/schema/XSDLocator.hpp" md5sum="14c2c82988b5d46a940c5f69ac9b70f9" perm="555" sizeinbytes="6091" timestamp="1037703064000"/>
        <file loc="include/xercesc/validators/schema/XercesGroupInfo.hpp" md5sum="e1100f7f53334d1c5e75f73a4d1f8efd" perm="555" sizeinbytes="7576" timestamp="1037703064000"/>
        <file loc="include/xercesc/validators/schema/NamespaceScope.hpp" md5sum="c48944f593966bebebb23be83fa03c57" perm="555" sizeinbytes="7669" timestamp="1037703064000"/>
        <file loc="include/xercesc/validators/schema/GeneralAttributeCheck.hpp" md5sum="1afb011139193ed499e5167f43fa0a95" perm="555" sizeinbytes="10675" timestamp="1037703064000"/>
        <file loc="include/xercesc/validators/DTD/DTDAttDef.hpp" md5sum="31f81bd4fa25c377855207b3d92f4e41" perm="555" sizeinbytes="6852" timestamp="1037703063000"/>
        <file loc="include/xercesc/validators/DTD/DTDValidator.hpp" md5sum="76a22ff671bdaf418d72dce47061767d" perm="555" sizeinbytes="9198" timestamp="1037703064000"/>
        <file loc="include/xercesc/validators/DTD/DocTypeHandler.hpp" md5sum="38f64bf95a4d78af6e49898604bbbeaa" perm="555" sizeinbytes="6765" timestamp="1037703063000"/>
        <file loc="include/xercesc/validators/DTD/DTDGrammar.hpp" md5sum="ddef7aa0cd888266d2fa3e7862d19714" perm="555" sizeinbytes="15353" timestamp="1037703064000"/>
        <file loc="include/xercesc/validators/DTD/DTDEntityDecl.hpp" md5sum="fbf2f7424f279ed2ba5dd20ae9a9be84" perm="555" sizeinbytes="8739" timestamp="1037703064000"/>
        <file loc="include/xercesc/validators/DTD/DTDScanner.hpp" md5sum="deca21d765d71466f9870e803d598673" perm="555" sizeinbytes="12497" timestamp="1037703064000"/>
        <file loc="include/xercesc/validators/DTD/DTDElementDecl.hpp" md5sum="33f3a89e2c7a7a66bc6a08ca78578d98" perm="555" sizeinbytes="11932" timestamp="1037703064000"/>
        <file loc="include/xercesc/validators/DTD/DTDAttDefList.hpp" md5sum="d68669fa6a276be73e25c3413eea7ec9" perm="555" sizeinbytes="6088" timestamp="1037703063000"/>
        <file loc="include/xercesc/validators/datatype/DateTimeDatatypeValidator.hpp" md5sum="dac35511198f46e1fe54538c1cbac363" perm="555" sizeinbytes="4665" timestamp="1037703063000"/>
        <file loc="include/xercesc/validators/datatype/IDREFDatatypeValidator.hpp" md5sum="6afd7ca107f118b6cdffe2ca12661bda" perm="555" sizeinbytes="6823" timestamp="1037703063000"/>
        <file loc="include/xercesc/validators/datatype/UnionDatatypeValidator.hpp" md5sum="6973499678ac4e24bdd35fc17ef17c96" perm="555" sizeinbytes="10868" timestamp="1037703063000"/>
        <file loc="include/xercesc/validators/datatype/DatatypeValidator.hpp" md5sum="0c94d9452b08471d39953b1b214c1f7c" perm="555" sizeinbytes="14274" timestamp="1037703063000"/>
        <file loc="include/xercesc/validators/datatype/DurationDatatypeValidator.hpp" md5sum="b59bfd22c365de24f2b893caa6088bac" perm="555" sizeinbytes="4884" timestamp="1037703063000"/>
        <file loc="include/xercesc/validators/datatype/DateTimeValidator.hpp" md5sum="71408b590aadd6cab940241b22815a0c" perm="555" sizeinbytes="5768" timestamp="1037703063000"/>
        <file loc="include/xercesc/validators/datatype/AbstractNumericValidator.hpp" md5sum="c25fd7094318a1d9bd2abf51504c543c" perm="555" sizeinbytes="4879" timestamp="1037703063000"/>
        <file loc="include/xercesc/validators/datatype/NCNameDatatypeValidator.hpp" md5sum="dcc97c7ac8bd85735703b315989e5644" perm="555" sizeinbytes="6172" timestamp="1037703063000"/>
        <file loc="include/xercesc/validators/datatype/TimeDatatypeValidator.hpp" md5sum="9cf7d3471f5a8ac010678ab09ceb355a" perm="555" sizeinbytes="4657" timestamp="1037703063000"/>
        <file loc="include/xercesc/validators/datatype/AnySimpleTypeDatatypeValidator.hpp" md5sum="5d85fd21cfb18fe44d0f501fa4571358" perm="555" sizeinbytes="6865" timestamp="1037703063000"/>
        <file loc="include/xercesc/validators/datatype/YearDatatypeValidator.hpp" md5sum="9f0c89259a8b7fc95db7fd1aee5369e0" perm="555" sizeinbytes="4617" timestamp="1037703063000"/>
        <file loc="include/xercesc/validators/datatype/AbstractNumericFacetValidator.hpp" md5sum="2830c80f95c5103b1262fdd079f640c0" perm="555" sizeinbytes="7933" timestamp="1037703063000"/>
        <file loc="include/xercesc/validators/datatype/DateDatatypeValidator.hpp" md5sum="fe6933f3c935439455ac27aeab4833d2" perm="555" sizeinbytes="4617" timestamp="1037703063000"/>
        <file loc="include/xercesc/validators/datatype/MonthDayDatatypeValidator.hpp" md5sum="a908e0aaa7551951290b9a33943d9d05" perm="555" sizeinbytes="4665" timestamp="1037703063000"/>
        <file loc="include/xercesc/validators/datatype/NameDatatypeValidator.hpp" md5sum="806e314c9a6538122beb1915b45c46bc" perm="555" sizeinbytes="6146" timestamp="1037703063000"/>
        <file loc="include/xercesc/validators/datatype/QNameDatatypeValidator.hpp" md5sum="61c732f6d655347558aef3e14d26b42e" perm="555" sizeinbytes="5547" timestamp="1037703063000"/>
        <file loc="include/xercesc/validators/datatype/Base64BinaryDatatypeValidator.hpp" md5sum="8a1b5a4d7fd358e5497bdcf8fa4faa6a" perm="555" sizeinbytes="5248" timestamp="1037703063000"/>
        <file loc="include/xercesc/validators/datatype/AnyURIDatatypeValidator.hpp" md5sum="8e12f35f393305334f52838b55e9df0f" perm="555" sizeinbytes="6213" timestamp="1037703063000"/>
        <file loc="include/xercesc/validators/datatype/HexBinaryDatatypeValidator.hpp" md5sum="2c0a8128633c32dd683c833a52381f47" perm="555" sizeinbytes="5202" timestamp="1037703063000"/>
        <file loc="include/xercesc/validators/datatype/StringDatatypeValidator.hpp" md5sum="a932a6908917ae280e8c50dd30698f35" perm="555" sizeinbytes="6429" timestamp="1037703063000"/>
        <file loc="include/xercesc/validators/datatype/InvalidDatatypeFacetException.hpp" md5sum="40cd86be68f03ab1e89317511036fdd8" perm="555" sizeinbytes="3074" timestamp="1037703063000"/>
        <file loc="include/xercesc/validators/datatype/ENTITYDatatypeValidator.hpp" md5sum="66d6e46f9df1afa6578138568d8d32ee" perm="555" sizeinbytes="7389" timestamp="1037703063000"/>
        <file loc="include/xercesc/validators/datatype/MonthDatatypeValidator.hpp" md5sum="65816a6c46b79a7b20a25d72b2d22935" perm="555" sizeinbytes="4629" timestamp="1037703063000"/>
        <file loc="include/xercesc/validators/datatype/DecimalDatatypeValidator.hpp" md5sum="e19a876f9599a312a166792deed9fb95" perm="555" sizeinbytes="8666" timestamp="1037703063000"/>
        <file loc="include/xercesc/validators/datatype/DatatypeValidatorFactory.hpp" md5sum="e8bff3ec01f568dc73169e83a47cc868" perm="555" sizeinbytes="10070" timestamp="1037703063000"/>
        <file loc="include/xercesc/validators/datatype/DayDatatypeValidator.hpp" md5sum="7d307e7c33ce58a3c2b5fab3f9f86dea" perm="555" sizeinbytes="4604" timestamp="1037703063000"/>
        <file loc="include/xercesc/validators/datatype/NOTATIONDatatypeValidator.hpp" md5sum="a702fedc60ec49d6e67e7d0199e66a9c" perm="555" sizeinbytes="5600" timestamp="1037703063000"/>
        <file loc="include/xercesc/validators/datatype/AbstractStringValidator.hpp" md5sum="e529626c334fb8a9921747811f7482e6" perm="555" sizeinbytes="9896" timestamp="1037703063000"/>
        <file loc="include/xercesc/validators/datatype/YearMonthDatatypeValidator.hpp" md5sum="eb4422d4241b31664f1e3ca27979184b" perm="555" sizeinbytes="4677" timestamp="1037703063000"/>
        <file loc="include/xercesc/validators/datatype/InvalidDatatypeValueException.hpp" md5sum="d398ffb2d9fd6166f99b3b585a4dfcc5" perm="555" sizeinbytes="3074" timestamp="1037703063000"/>
        <file loc="include/xercesc/validators/datatype/FloatDatatypeValidator.hpp" md5sum="5c7911d895f0b73f2296d119e06742bd" perm="555" sizeinbytes="7037" timestamp="1037703063000"/>
        <file loc="include/xercesc/validators/datatype/DoubleDatatypeValidator.hpp" md5sum="4878fafeaf0edf06a2200f4200360f29" perm="555" sizeinbytes="7038" timestamp="1037703063000"/>
        <file loc="include/xercesc/validators/datatype/IDDatatypeValidator.hpp" md5sum="3df29efdd35cd8c0d240ee7d37d52b7b" perm="555" sizeinbytes="6742" timestamp="1037703063000"/>
        <file loc="include/xercesc/validators/datatype/BooleanDatatypeValidator.hpp" md5sum="672f371d6c1a3f1c90db70b241631c27" perm="555" sizeinbytes="6832" timestamp="1037703063000"/>
        <file loc="include/xercesc/validators/datatype/ListDatatypeValidator.hpp" md5sum="f45d7e986e7a98cf9dce0e6d49506328" perm="555" sizeinbytes="8886" timestamp="1037703063000"/>
        <file loc="include/xercesc/sax2/LexicalHandler.hpp" md5sum="6df31674a03954fa0f59046142822f55" perm="555" sizeinbytes="7344" timestamp="1037703058000"/>
        <file loc="include/xercesc/sax2/ContentHandler.hpp" md5sum="8c4cdcc9c9f7a5509c748b47b42475b0" perm="555" sizeinbytes="15342" timestamp="1037703057000"/>
        <file loc="include/xercesc/sax2/DefaultHandler.hpp" md5sum="ed4eae9af850ebd2f8c38977637a8781" perm="555" sizeinbytes="27771" timestamp="1037703058000"/>
        <file loc="include/xercesc/sax2/SAX2XMLReader.hpp" md5sum="d77662727ff65d846e867b112eeec295" perm="555" sizeinbytes="39937" timestamp="1037703058000"/>
        <file loc="include/xercesc/sax2/Attributes.hpp" md5sum="aa9f72653d03bbb3eceab0a1d17e7114" perm="555" sizeinbytes="13264" timestamp="1037703057000"/>
        <file loc="include/xercesc/sax2/XMLReaderFactory.hpp" md5sum="1d02a4786012ad57ebf87d800d825883" perm="555" sizeinbytes="4414" timestamp="1037703058000"/>
        <file loc="include/xercesc/sax2/DeclHandler.hpp" md5sum="f01a5b48837798d50717276d730ac3eb" perm="555" sizeinbytes="7615" timestamp="1037703058000"/>
        <file loc="include/xercesc/util/Transcoders/Iconv/IconvTransService.hpp" md5sum="322076fdd967937b5671e38d27edd95d" perm="555" sizeinbytes="9039" timestamp="1037703061000"/>
        <file loc="include/xercesc/util/XMLAbstractDoubleFloat.hpp" md5sum="c6eacc4e51e3905be47075167431b7e5" perm="555" sizeinbytes="7386" timestamp="1037703062000"/>
        <file loc="include/xercesc/util/HashPtr.hpp" md5sum="88e6f2b9ba4b11f33d8648676c869477" perm="555" sizeinbytes="3468" timestamp="1037703058000"/>
        <file loc="include/xercesc/util/CountedPointer.c" md5sum="c131cef524ef9f359d37ea99e1a7107e" perm="555" sizeinbytes="5307" timestamp="1037703058000"/>
        <file loc="include/xercesc/util/RefHash2KeysTableOf.hpp" md5sum="99d31bde89792575e51ffb322de057e9" perm="555" sizeinbytes="10450" timestamp="1037703060000"/>
        <file loc="include/xercesc/util/RefVectorOf.hpp" md5sum="29a8a665406cd6720e47f9d59c6c4634" perm="555" sizeinbytes="7542" timestamp="1037703060000"/>
        <file loc="include/xercesc/util/XMLDeleterFor.c" md5sum="cc8e18d52b80cb2313cd2e2ec7ebdc32" perm="555" sizeinbytes="3772" timestamp="1037703062000"/>
        <file loc="include/xercesc/util/NetAccessors/Socket/SocketNetAccessor.hpp" md5sum="f32bfa3f285939af2724ade7f1de0c52" perm="555" sizeinbytes="4214" timestamp="1037703059000"/>
        <file loc="include/xercesc/util/NetAccessors/Socket/UnixHTTPURLInputStream.hpp" md5sum="f7e80b783b31a8c3d8400496eaefaf2b" perm="555" sizeinbytes="5390" timestamp="1037703059000"/>
        <file loc="include/xercesc/util/TransENameMap.c" md5sum="22d2bfc628f803c892462dd4ab868d8a" perm="555" sizeinbytes="4597" timestamp="1037703062000"/>
        <file loc="include/xercesc/util/BinMemInputStream.hpp" md5sum="2d38654edc443992ed310ea92cf1a1f7" perm="555" sizeinbytes="6148" timestamp="1037703058000"/>
        <file loc="include/xercesc/util/RefHashTableOf.c" md5sum="ea51bc193501e684de8a9f9ab14fc367" perm="555" sizeinbytes="19460" timestamp="1037703060000"/>
        <file loc="include/xercesc/util/RefHash3KeysIdPool.hpp" md5sum="1ac7cc6c54b3be3b25e8a7dcbe5a1742" perm="555" sizeinbytes="11397" timestamp="1037703060000"/>
        <file loc="include/xercesc/util/XMLNetAccessor.hpp" md5sum="ed72a9bf20be1e9fc749e0fd429470c3" perm="555" sizeinbytes="4884" timestamp="1037703062000"/>
        <file loc="include/xercesc/util/Compilers/BorlandCDefs.hpp" md5sum="2cdf1beb8aacc67d551634a30a58d62b" perm="555" sizeinbytes="7693" timestamp="1037703058000"/>
        <file loc="include/xercesc/util/Compilers/IBMVAOS2Defs.hpp" md5sum="652a70c5bbaae250a899e4c82d05b2a8" perm="555" sizeinbytes="6629" timestamp="1037703058000"/>
        <file loc="include/xercesc/util/Compilers/GCCDefs.hpp" md5sum="51a1c71896d4571240d28efcfe7d1885" perm="555" sizeinbytes="9435" timestamp="1039575383000"/>
        <file loc="include/xercesc/util/Compilers/CodeWarriorDefs.hpp" md5sum="7603027e10d0c333990cd4fbd306b328" perm="555" sizeinbytes="7358" timestamp="1037703058000"/>
        <file loc="include/xercesc/util/Compilers/MVSCPPDefs.hpp" md5sum="9caf095e0a3f4d0a7563d1dd1acdb78d" perm="555" sizeinbytes="9716" timestamp="1037703058000"/>
        <file loc="include/xercesc/util/Compilers/DECCXXDefs.hpp" md5sum="02de54612c83e28c5429e7c93a58f4d7" perm="555" sizeinbytes="6740" timestamp="1039575420000"/>
        <file loc="include/xercesc/util/Compilers/HPCCDefs.hpp" md5sum="5f33138fda5fbddd866402fb8a1d8de8" perm="555" sizeinbytes="8675" timestamp="1039575343000"/>
        <file loc="include/xercesc/util/Compilers/MIPSproDefs.hpp" md5sum="d7210af369a36781b37678cc3064b0bc" perm="555" sizeinbytes="8343" timestamp="1037703058000"/>
        <file loc="include/xercesc/util/Compilers/PTXCCDefs.hpp" md5sum="d2f6543b6a8a3d4d169bab2d250c9b33" perm="555" sizeinbytes="7305" timestamp="1037703058000"/>
        <file loc="include/xercesc/util/Compilers/SunKaiDefs.hpp" md5sum="d91fc8f0a3a7cdb71da9f0fc6bfb4ad4" perm="555" sizeinbytes="8079" timestamp="1037703058000"/>
        <file loc="include/xercesc/util/Compilers/VCPPDefs.hpp" md5sum="4de9a568365023001f15b004a26292c9" perm="555" sizeinbytes="9329" timestamp="1039575475000"/>
        <file loc="include/xercesc/util/Compilers/TandemCCDefs.hpp" md5sum="047791e026eb0c91af0011f10dc2aed0" perm="555" sizeinbytes="8223" timestamp="1037703058000"/>
        <file loc="include/xercesc/util/Compilers/IBMVAW32Defs.hpp" md5sum="2c2ea5dbd924e92434eeb1da69e5601e" perm="555" sizeinbytes="7689" timestamp="1037703058000"/>
        <file loc="include/xercesc/util/Compilers/OS400SetDefs.hpp" md5sum="b27e875e212591f37b0eda25fe8fbeb2" perm="555" sizeinbytes="6759" timestamp="1037703058000"/>
        <file loc="include/xercesc/util/Compilers/SCOCCDefs.hpp" md5sum="806ccb69901c6c975b0800bd29a47794" perm="555" sizeinbytes="7375" timestamp="1037703058000"/>
        <file loc="include/xercesc/util/Compilers/CSetDefs.hpp" md5sum="093b432f99f3e79598fca16d2f8e9b60" perm="555" sizeinbytes="8978" timestamp="1039575368000"/>
        <file loc="include/xercesc/util/Compilers/SunCCDefs.hpp" md5sum="007c93c6d52d4baf804709aaba2b3ec1" perm="555" sizeinbytes="9022" timestamp="1039575331000"/>
        <file loc="include/xercesc/util/XMLException.hpp" md5sum="d30f9e0a21137f6780da7b519df76548" perm="555" sizeinbytes="11107" timestamp="1037703062000"/>
        <file loc="include/xercesc/util/XMLFloat.hpp" md5sum="ff33d52ad880a3adb4d4b53c22274045" perm="555" sizeinbytes="5789" timestamp="1037703062000"/>
        <file loc="include/xercesc/util/RefVectorOf.c" md5sum="481a9ab86d4a6e33c87ad2cb5876835d" perm="555" sizeinbytes="12155" timestamp="1037703060000"/>
        <file loc="include/xercesc/util/InvalidCastException.hpp" md5sum="89cd44b8b7bbc1be5fcf4806d22f86e0" perm="555" sizeinbytes="3043" timestamp="1037703058000"/>
        <file loc="include/xercesc/util/UTFDataFormatException.hpp" md5sum="124296fd4a8c43700180ef10b728ebc3" perm="555" sizeinbytes="3051" timestamp="1037703062000"/>
        <file loc="include/xercesc/util/RefHashTableOf.hpp" md5sum="9db62ccb614c8d5149cb4bf48b49b2e3" perm="555" sizeinbytes="11967" timestamp="1037703060000"/>
        <file loc="include/xercesc/util/MsgLoaders/InMemory/CppErrMsgs_EN_US.hpp" md5sum="59d6a46042db4cb5cc3e748990b9737b" perm="555" sizeinbytes="292694" timestamp="1037703058000"/>
        <file loc="include/xercesc/util/MsgLoaders/InMemory/InMemMsgLoader.hpp" md5sum="87d60a9cfe362afd9d25e8070dea354f" perm="555" sizeinbytes="6128" timestamp="1037703059000"/>
        <file loc="include/xercesc/util/KeyValuePair.hpp" md5sum="29ae0f64f8bcfa2965b17ff7a4f8c4d3" perm="555" sizeinbytes="5125" timestamp="1037703058000"/>
        <file loc="include/xercesc/util/ValueVectorOf.hpp" md5sum="254b4b6646858dfea9b6ec6575605735" perm="555" sizeinbytes="7947" timestamp="1037703062000"/>
        <file loc="include/xercesc/util/RefArrayOf.c" md5sum="c56be481b6f30180781a531f447433b8" perm="555" sizeinbytes="9767" timestamp="1037703060000"/>
        <file loc="include/xercesc/util/AutoSense.hpp" md5sum="7bae1184ba441a3567c4018d2dc3674b" perm="555" sizeinbytes="10271" timestamp="1037703058000"/>
        <file loc="include/xercesc/util/KVStringPair.hpp" md5sum="32afe5a35321f2d9d64880f38bcb9379" perm="555" sizeinbytes="7101" timestamp="1037703058000"/>
        <file loc="include/xercesc/util/XMLNumber.hpp" md5sum="69e4805dc8a23de9ffbd8c8a728a16d9" perm="555" sizeinbytes="3758" timestamp="1037703062000"/>
        <file loc="include/xercesc/util/CountedPointer.hpp" md5sum="501bedaf8c3bd254e15ccad0d5a0730e" perm="555" sizeinbytes="4869" timestamp="1037703058000"/>
        <file loc="include/xercesc/util/XMLRegisterCleanup.hpp" md5sum="dc42cb7399f287501fa601f3e3e20c2a" perm="555" sizeinbytes="7022" timestamp="1037703062000"/>
        <file loc="include/xercesc/util/ValueArrayOf.hpp" md5sum="25b6ee47670dcce18258baa0ddcc2c63" perm="555" sizeinbytes="7257" timestamp="1037703062000"/>
        <file loc="include/xercesc/util/ValueHashTableOf.c" md5sum="657a20ca563d3e3054a9c5b8aa83d201" perm="555" sizeinbytes="13472" timestamp="1037703062000"/>
        <file loc="include/xercesc/util/HashBase.hpp" md5sum="125779ffe268ffff6c90ea380511226e" perm="555" sizeinbytes="3841" timestamp="1037703058000"/>
        <file loc="include/xercesc/util/XMLUni.hpp" md5sum="95d6201c92af81bcafa1faac41d88a3c" perm="555" sizeinbytes="12017" timestamp="1037703062000"/>
        <file loc="include/xercesc/util/RefHash2KeysTableOf.c" md5sum="755b29cd73d543b802ddb53f366394a9" perm="555" sizeinbytes="15151" timestamp="1037703060000"/>
        <file loc="include/xercesc/util/XMLURL.hpp" md5sum="8d7c66e6e41a0282d4fb653ab8fa04c2" perm="555" sizeinbytes="9703" timestamp="1037703062000"/>
        <file loc="include/xercesc/util/StringPool.hpp" md5sum="589bee800c4a09a6a96e766869a2d8c6" perm="555" sizeinbytes="7197" timestamp="1037703061000"/>
        <file loc="include/xercesc/util/regx/Match.hpp" md5sum="2c5539c9506ec1be7ae2bbf2711c7957" perm="555" sizeinbytes="6641" timestamp="1037703060000"/>
        <file loc="include/xercesc/util/regx/XMLUniCharacter.hpp" md5sum="86306550b5e788ed2190ee403cacf517" perm="555" sizeinbytes="4896" timestamp="1037703061000"/>
        <file loc="include/xercesc/util/regx/BMPattern.hpp" md5sum="fc7b84b6a76e5c210165fd309002aeb8" perm="555" sizeinbytes="6477" timestamp="1037703060000"/>
        <file loc="include/xercesc/util/regx/ParserForXMLSchema.hpp" md5sum="2600a9a2173fa4a8414cb8a926c2fa77" perm="555" sizeinbytes="6258" timestamp="1037703060000"/>
        <file loc="include/xercesc/util/regx/ConditionToken.hpp" md5sum="603223b07713b7946212316ecc829652" perm="555" sizeinbytes="5100" timestamp="1037703060000"/>
        <file loc="include/xercesc/util/regx/RegxParser.hpp" md5sum="2badc3e5b3f2941b355b89d2d5cec7c2" perm="555" sizeinbytes="11328" timestamp="1037703060000"/>
        <file loc="include/xercesc/util/regx/UnionToken.hpp" md5sum="ff3b27eb97dfcb65b0831ca28a5eb8a6" perm="555" sizeinbytes="5106" timestamp="1037703061000"/>
        <file loc="include/xercesc/util/regx/Token.hpp" md5sum="635ff39fa2da4503e9528fd2922a2e4e" perm="555" sizeinbytes="9708" timestamp="1037703060000"/>
        <file loc="include/xercesc/util/regx/RegxDefs.hpp" md5sum="42366db979312017817271278928b652" perm="555" sizeinbytes="7566" timestamp="1037703060000"/>
        <file loc="include/xercesc/util/regx/TokenInc.hpp" md5sum="8baeaa760d609b3251cf464d0369bc3d" perm="555" sizeinbytes="3480" timestamp="1037703060000"/>
        <file loc="include/xercesc/util/regx/XMLRangeFactory.hpp" md5sum="4f652bd9ecc887c25e18685e2cf30f29" perm="555" sizeinbytes="4268" timestamp="1037703061000"/>
        <file loc="include/xercesc/util/regx/Op.hpp" md5sum="a8f1874b128f3c05e7df60ae25a785e5" perm="555" sizeinbytes="11847" timestamp="1037703060000"/>
        <file loc="include/xercesc/util/regx/ASCIIRangeFactory.hpp" md5sum="580fe18cb0c3707739b4e8ce31b311e5" perm="555" sizeinbytes="4286" timestamp="1037703060000"/>
        <file loc="include/xercesc/util/regx/ClosureToken.hpp" md5sum="7e8859602e86e786c81e812cc37eebc4" perm="555" sizeinbytes="5303" timestamp="1037703060000"/>
        <file loc="include/xercesc/util/regx/ModifierToken.hpp" md5sum="9598f2ae8043be87a316fdef55d1db9f" perm="555" sizeinbytes="4807" timestamp="1037703060000"/>
        <file loc="include/xercesc/util/regx/OpFactory.hpp" md5sum="7a0914b1b406f13c428ee5519cf55a63" perm="555" sizeinbytes="6414" timestamp="1037703060000"/>
        <file loc="include/xercesc/util/regx/StringToken.hpp" md5sum="672a32a4ccce7c36020706272f874515" perm="555" sizeinbytes="5175" timestamp="1037703060000"/>
        <file loc="include/xercesc/util/regx/UniCharTable.hpp" md5sum="9820c777db45fce8484ba69e8955fda2" perm="555" sizeinbytes="416918" timestamp="1037703061000"/>
        <file loc="include/xercesc/util/regx/CharToken.hpp" md5sum="6c0cabfab6d9b314db3ba0aa6eb0a0f2" perm="555" sizeinbytes="4880" timestamp="1037703060000"/>
        <file loc="include/xercesc/util/regx/RangeToken.hpp" md5sum="0fea41cb6800e8f10b123288bf2a9320" perm="555" sizeinbytes="6178" timestamp="1037703060000"/>
        <file loc="include/xercesc/util/regx/RangeFactory.hpp" md5sum="246bf69f22e26742ed6e4f728603ef8a" perm="555" sizeinbytes="4260" timestamp="1037703060000"/>
        <file loc="include/xercesc/util/regx/RangeTokenMap.hpp" md5sum="b79f698606fa155920c04e5372d58dd5" perm="555" sizeinbytes="10227" timestamp="1037703060000"/>
        <file loc="include/xercesc/util/regx/TokenFactory.hpp" md5sum="a8f6119b1118bce34b3a0e5151836962" perm="555" sizeinbytes="7454" timestamp="1037703060000"/>
        <file loc="include/xercesc/util/regx/UnicodeRangeFactory.hpp" md5sum="beeeae7373b1a3655a6a38270bb56f87" perm="555" sizeinbytes="4550" timestamp="1037703061000"/>
        <file loc="include/xercesc/util/regx/ConcatToken.hpp" md5sum="6b8b7965cc58044ec8051f8600313fa9" perm="555" sizeinbytes="4554" timestamp="1037703060000"/>
        <file loc="include/xercesc/util/regx/BlockRangeFactory.hpp" md5sum="e1af528e4d07016d3ceead9c9f832864" perm="555" sizeinbytes="4286" timestamp="1037703060000"/>
        <file loc="include/xercesc/util/regx/RegularExpression.hpp" md5sum="e620ae0aceaba13694331195983376bb" perm="555" sizeinbytes="21161" timestamp="1037703060000"/>
        <file loc="include/xercesc/util/regx/RegxUtil.hpp" md5sum="73841d2189b9fd650a98b85c5e652765" perm="555" sizeinbytes="4724" timestamp="1037703060000"/>
        <file loc="include/xercesc/util/regx/ParenToken.hpp" md5sum="1732c1a6d65a6e40a501daa7cce6567f" perm="555" sizeinbytes="4661" timestamp="1037703060000"/>
        <file loc="include/xercesc/util/UnsupportedEncodingException.hpp" md5sum="1f8065fe667be8c5c9e9dfa38a87e627" perm="555" sizeinbytes="3074" timestamp="1037703062000"/>
        <file loc="include/xercesc/util/XercesVersion.hpp" md5sum="ab3ac139f8f439f75efec3b65e00878d" perm="555" sizeinbytes="10160" timestamp="1037703062000"/>
        <file loc="include/xercesc/util/BinFileInputStream.hpp" md5sum="d0f1b994b1ad6b6c6c59a953bae8a911" perm="555" sizeinbytes="5225" timestamp="1037703058000"/>
        <file loc="include/xercesc/util/XMLUCS4Transcoder.hpp" md5sum="ab6caf5ff7f50c601bdd911a2d3b6f1f" perm="555" sizeinbytes="5372" timestamp="1037703062000"/>
        <file loc="include/xercesc/util/NullPointerException.hpp" md5sum="21a4b9ec17182ab8c4883a3b00a0d352" perm="555" sizeinbytes="3043" timestamp="1037703059000"/>
        <file loc="include/xercesc/util/Janitor.c" md5sum="0066cd341cd460cf59847c3787ea7238" perm="555" sizeinbytes="6128" timestamp="1037703058000"/>
        <file loc="include/xercesc/util/UnexpectedEOFException.hpp" md5sum="8be0bef14bce742d1a98c8c09268a7b9" perm="555" sizeinbytes="3050" timestamp="1037703062000"/>
        <file loc="include/xercesc/util/TransENameMap.hpp" md5sum="cc34f397aa2e98ba891ee8b762154dff" perm="555" sizeinbytes="7228" timestamp="1037703062000"/>
        <file loc="include/xercesc/util/KeyRefPair.hpp" md5sum="6e4d4a4b0b2aecb2908f37a02d7fb6b4" perm="555" sizeinbytes="4416" timestamp="1037703058000"/>
        <file loc="include/xercesc/util/XMLEnumerator.hpp" md5sum="eb9ba81b32569adad6a4c32db6943867" perm="555" sizeinbytes="4253" timestamp="1037703062000"/>
        <file loc="include/xercesc/util/XMLUTF8Transcoder.hpp" md5sum="3a6f857cc1216b6d8378739eb8494923" perm="555" sizeinbytes="4979" timestamp="1037703062000"/>
        <file loc="include/xercesc/util/RuntimeException.hpp" md5sum="b02cd5336b5094aae899b646bbbe590b" perm="555" sizeinbytes="3027" timestamp="1037703061000"/>
        <file loc="include/xercesc/util/XMLStringTokenizer.hpp" md5sum="511085b4eb905323846d1bfe63fb0472" perm="555" sizeinbytes="8402" timestamp="1037703062000"/>
        <file loc="include/xercesc/util/XMLUTF16Transcoder.hpp" md5sum="34ea1e3fa2b3059d13b30a01acb8c93e" perm="555" sizeinbytes="5370" timestamp="1037703062000"/>
        <file loc="include/xercesc/util/EncodingValidator.hpp" md5sum="b83c86b3692f99528b4ba7eb1ddca1ad" perm="555" sizeinbytes="5201" timestamp="1037703058000"/>
        <file loc="include/xercesc/util/XMLString.hpp" md5sum="57e891b6be6a1bd72fe04969cdd6de17" perm="555" sizeinbytes="55335" timestamp="1037703062000"/>
        <file loc="include/xercesc/util/XMLASCIITranscoder.hpp" md5sum="0aa2a7a1fef89387d03d8b40bb6bc320" perm="555" sizeinbytes="4981" timestamp="1037703062000"/>
        <file loc="include/xercesc/util/RefHash3KeysIdPool.c" md5sum="6e82c0c82abd3e43059f7b684e56111a" perm="555" sizeinbytes="15476" timestamp="1037703060000"/>
        <file loc="include/xercesc/util/BitSet.hpp" md5sum="f1574b92b53a8163f5e266a32bb8c06f" perm="555" sizeinbytes="6148" timestamp="1037703058000"/>
        <file loc="include/xercesc/util/XMLBigInteger.hpp" md5sum="5fabe108c9985ee0c0d060fbe80897fd" perm="555" sizeinbytes="6396" timestamp="1037703062000"/>
        <file loc="include/xercesc/util/KeyValuePair.c" md5sum="c1e56245e1d6b9435a2637d4c4d9c652" perm="555" sizeinbytes="5437" timestamp="1037703058000"/>
        <file loc="include/xercesc/util/XMLUniDefs.hpp" md5sum="8592e360ebaa59cd5484651ca411ff7a" perm="555" sizeinbytes="8173" timestamp="1037703062000"/>
        <file loc="include/xercesc/util/Mutexes.hpp" md5sum="8a4a61897691fd9f99a42fe2ca75239f" perm="555" sizeinbytes="6011" timestamp="1037703059000"/>
        <file loc="include/xercesc/util/RefArrayOf.hpp" md5sum="bc2e688a826dd865c856e0b595d0749d" perm="555" sizeinbytes="7287" timestamp="1037703060000"/>
        <file loc="include/xercesc/util/RefStackOf.hpp" md5sum="07833ff1bc80f5f734eb40a5d84e1444" perm="555" sizeinbytes="7300" timestamp="1037703060000"/>
        <file loc="include/xercesc/util/NameIdPool.c" md5sum="03e5f3a4303bb8d149a982250eb8d627" perm="555" sizeinbytes="13959" timestamp="1037703059000"/>
        <file loc="include/xercesc/util/NumberFormatException.hpp" md5sum="cb8b8a45693c92f4669124a67cb8af52" perm="555" sizeinbytes="3042" timestamp="1037703059000"/>
        <file loc="include/xercesc/util/FlagJanitor.hpp" md5sum="d89706061b070c8a229eb87c68a58592" perm="555" sizeinbytes="4919" timestamp="1037703058000"/>
        <file loc="include/xercesc/util/ParseException.hpp" md5sum="cf80d6ac83c1d6cc90ffc7f9e37fdf51" perm="555" sizeinbytes="3014" timestamp="1037703059000"/>
        <file loc="include/xercesc/util/XMLChTranscoder.hpp" md5sum="df3ff10f3933c497362711fdffa0a54c" perm="555" sizeinbytes="4779" timestamp="1037703062000"/>
        <file loc="include/xercesc/util/PlatformUtils.hpp" md5sum="9cb092669872809e4dc8a83a111e4c10" perm="555" sizeinbytes="24880" timestamp="1037703060000"/>
        <file loc="include/xercesc/util/Base64.hpp" md5sum="4c0eed9b0bc9217ca7db3c0278fd2966" perm="555" sizeinbytes="7920" timestamp="1037703058000"/>
        <file loc="include/xercesc/util/XMLDOMMsg.hpp" md5sum="885b72414bed4ce776767febc7615212" perm="555" sizeinbytes="2441" timestamp="1037703062000"/>
        <file loc="include/xercesc/util/ValueStackOf.hpp" md5sum="50cc057ed43e73d037b2c465d5f147d0" perm="555" sizeinbytes="7199" timestamp="1037703062000"/>
        <file loc="include/xercesc/util/ArrayIndexOutOfBoundsException.hpp" md5sum="dcc22529bf0da7d70f6bcf4fbb39b71d" perm="555" sizeinbytes="3082" timestamp="1037703058000"/>
        <file loc="include/xercesc/util/ValueHashTableOf.hpp" md5sum="8432a83e4b75cf66935d286de87b322c" perm="555" sizeinbytes="9038" timestamp="1037703062000"/>
        <file loc="include/xercesc/util/XMLEBCDICTranscoder.hpp" md5sum="b1ea2f2078dc8c1b3ef915b2b6ad4bb9" perm="555" sizeinbytes="4405" timestamp="1037703062000"/>
        <file loc="include/xercesc/util/NoSuchElementException.hpp" md5sum="8f2728379a7cff42276f29535baff747" perm="555" sizeinbytes="3051" timestamp="1037703059000"/>
        <file loc="include/xercesc/util/XMLMsgLoader.hpp" md5sum="073b9b36ce95afd437269a17a67ed0c2" perm="555" sizeinbytes="8783" timestamp="1037703062000"/>
        <file loc="include/xercesc/util/NameIdPool.hpp" md5sum="7d4bbf97501031f35e796b83eaa43a14" perm="555" sizeinbytes="11346" timestamp="1037703059000"/>
        <file loc="include/xercesc/util/QName.hpp" md5sum="e447ef584b40f51fe77e1213c6f63b31" perm="555" sizeinbytes="9504" timestamp="1037703060000"/>
        <file loc="include/xercesc/util/HexBin.hpp" md5sum="62edbab751ce7b1c8cf570da46c61974" perm="555" sizeinbytes="4520" timestamp="1037703058000"/>
        <file loc="include/xercesc/util/XMLInteger.hpp" md5sum="345852c76f68106156e12b7e5d48e823" perm="555" sizeinbytes="3887" timestamp="1037703062000"/>
        <file loc="include/xercesc/util/NoDefTranscoderException.hpp" md5sum="067e365eb34545152a87b6e4323b1f82" perm="555" sizeinbytes="5201" timestamp="1037703059000"/>
        <file loc="include/xercesc/util/XMLIBM1140Transcoder.hpp" md5sum="405df55d819ea370538f9b89b69cff0e" perm="555" sizeinbytes="4346" timestamp="1037703062000"/>
        <file loc="include/xercesc/util/IOException.hpp" md5sum="ea0a1912b164d453d43e26bd20fb8211" perm="555" sizeinbytes="3007" timestamp="1037703058000"/>
        <file loc="include/xercesc/util/XercesDefs.hpp" md5sum="052ed212672baea6a4b8f67083387208" perm="555" sizeinbytes="15292" timestamp="1037703062000"/>
        <file loc="include/xercesc/util/KeyRefPair.c" md5sum="32de95a633e1628193c0294d255a0b1f" perm="555" sizeinbytes="4796" timestamp="1037703058000"/>
        <file loc="include/xercesc/util/XMLUri.hpp" md5sum="bff230417e33aa2324cc2c68e328837f" perm="555" sizeinbytes="16999" timestamp="1037703062000"/>
        <file loc="include/xercesc/util/SchemaDateTimeException.hpp" md5sum="3a02a693ad0fb16b37da603a5ad7bfe8" perm="555" sizeinbytes="3324" timestamp="1037703061000"/>
        <file loc="include/xercesc/util/XMLDeleterFor.hpp" md5sum="2d5e4b55ea5e4b9dd3546d90eda3b1a5" perm="555" sizeinbytes="4878" timestamp="1037703062000"/>
        <file loc="include/xercesc/util/FlagJanitor.c" md5sum="f754d4ad7bc791126d4b78a5a8e55e41" perm="555" sizeinbytes="4477" timestamp="1037703058000"/>
        <file loc="include/xercesc/util/XMLDouble.hpp" md5sum="62bf8cd49174aaa8025fb9215f2f3ce5" perm="555" sizeinbytes="6089" timestamp="1037703062000"/>
        <file loc="include/xercesc/util/HashCMStateSet.hpp" md5sum="9b9dfe4d99094d68b0e505bb7a27d6bd" perm="555" sizeinbytes="4349" timestamp="1037703058000"/>
        <file loc="include/xercesc/util/Janitor.hpp" md5sum="25fb5c247fcb77e408f5c0e794ad67b1" perm="555" sizeinbytes="6628" timestamp="1037703058000"/>
        <file loc="include/xercesc/util/XMLDateTime.hpp" md5sum="36e5e22feba9146ab319f8d073e9a615" perm="555" sizeinbytes="11875" timestamp="1037703062000"/>
        <file loc="include/xercesc/util/XMLBigDecimal.hpp" md5sum="c2cbf236b75bd7445b56cd0b0403814c" perm="555" sizeinbytes="6246" timestamp="1037703062000"/>
        <file loc="include/xercesc/util/IllegalArgumentException.hpp" md5sum="7dad59b169fd1b5734a11723bbe224ed" perm="555" sizeinbytes="3059" timestamp="1037703058000"/>
        <file loc="include/xercesc/util/Platforms/HPUX/HPUXDefs.hpp" md5sum="177b5d71481f45715c53ac0dc07ed98e" perm="555" sizeinbytes="3578" timestamp="1037703059000"/>
        <file loc="include/xercesc/util/Platforms/AIX/AIXDefs.hpp" md5sum="ac557942d4105cbc0d374e22d57f22f5" perm="555" sizeinbytes="3717" timestamp="1037703059000"/>
        <file loc="include/xercesc/util/Platforms/Tru64/Tru64Defs.hpp" md5sum="122793633b172c34f63f7f53113897f9" perm="555" sizeinbytes="3279" timestamp="1037703060000"/>
        <file loc="include/xercesc/util/Platforms/Linux/LinuxDefs.hpp" md5sum="e96c61c03fd48e67c5a9428011d9627e" perm="555" sizeinbytes="3702" timestamp="1037703059000"/>
        <file loc="include/xercesc/util/Platforms/Solaris/SolarisDefs.hpp" md5sum="68ecf626d52ffe27448c584e98006f5b" perm="555" sizeinbytes="3652" timestamp="1037703060000"/>
        <file loc="include/xercesc/util/XML256TableTranscoder.hpp" md5sum="367499166d9b1209063b66c8b4e68085" perm="555" sizeinbytes="7725" timestamp="1037703062000"/>
        <file loc="include/xercesc/util/ValueVectorOf.c" md5sum="a6266ef1e6ab8ae519f627ba7a09faa5" perm="555" sizeinbytes="10419" timestamp="1037703062000"/>
        <file loc="include/xercesc/util/RefStackOf.c" md5sum="638c0f81c2e8196a27830a764a3a4c37" perm="555" sizeinbytes="6925" timestamp="1037703060000"/>
        <file loc="include/xercesc/util/TranscodingException.hpp" md5sum="3faf2564fc6888a3cd5e02154bbd9e77" perm="555" sizeinbytes="3042" timestamp="1037703062000"/>
        <file loc="include/xercesc/util/EmptyStackException.hpp" md5sum="f87361b796156c82341e2e17464a0dfe" perm="555" sizeinbytes="3038" timestamp="1037703058000"/>
        <file loc="include/xercesc/util/TransService.hpp" md5sum="2fb923f972d29fbc41261ee07d174621" perm="555" sizeinbytes="18890" timestamp="1037703062000"/>
        <file loc="include/xercesc/util/ValueStackOf.c" md5sum="7cdf80fc63db858c314682ae8e927b26" perm="555" sizeinbytes="6694" timestamp="1037703062000"/>
        <file loc="include/xercesc/util/BitOps.hpp" md5sum="b19a4452e0eef37268515f50000d7816" perm="555" sizeinbytes="4980" timestamp="1037703058000"/>
        <file loc="include/xercesc/util/BinInputStream.hpp" md5sum="d117ac299a7d3efcfce056f53cef4a1c" perm="555" sizeinbytes="4779" timestamp="1037703058000"/>
        <file loc="include/xercesc/util/XMLWin1252Transcoder.hpp" md5sum="5a9d70a9d43022de85a53ac83ae90281" perm="555" sizeinbytes="3907" timestamp="1037703062000"/>
        <file loc="include/xercesc/util/XML88591Transcoder.hpp" md5sum="cc411fa1f37d7f389f9bebd9eaf05063" perm="555" sizeinbytes="4989" timestamp="1037703062000"/>
        <file loc="include/xercesc/util/XMLExceptMsgs.hpp" md5sum="a5795483e9090b474e564581c180399c" perm="555" sizeinbytes="17831" timestamp="1037703062000"/>
        <file loc="include/xercesc/util/ValueArrayOf.c" md5sum="799333688958191dfa0fc32dbc2744d2" perm="555" sizeinbytes="9268" timestamp="1037703062000"/>
        <file loc="include/xercesc/util/HashXMLCh.hpp" md5sum="b0d9245f8aafd18ffade987ea2d8d95d" perm="555" sizeinbytes="3425" timestamp="1037703058000"/>
        <file loc="include/xercesc/internal/XMLScanner.hpp" md5sum="1dc2a7e9c77f3bedeee93d78bc5f61cb" perm="555" sizeinbytes="48473" timestamp="1037703057000"/>
        <file loc="include/xercesc/internal/VecAttributesImpl.hpp" md5sum="48756887423f8d0c7dd779e3699209eb" perm="555" sizeinbytes="7078" timestamp="1037703056000"/>
        <file loc="include/xercesc/internal/ElemStack.hpp" md5sum="8d63f255297eab1e0eee4469090b004b" perm="555" sizeinbytes="13910" timestamp="1037703056000"/>
        <file loc="include/xercesc/internal/CharTypeTables.hpp" md5sum="14ec50c09b94558fe9a07d3bb48d15e5" perm="555" sizeinbytes="10150" timestamp="1037703056000"/>
        <file loc="include/xercesc/internal/EndOfEntityException.hpp" md5sum="3ca791009a24b8056de7c393e705bd46" perm="555" sizeinbytes="5756" timestamp="1037703056000"/>
        <file loc="include/xercesc/internal/XMLInternalErrorHandler.hpp" md5sum="be0e0a2793f919578ea36fb5ff6053a7" perm="555" sizeinbytes="6054" timestamp="1037703056000"/>
        <file loc="include/xercesc/internal/VecAttrListImpl.hpp" md5sum="b773fd508b4a7d049114ab313a3fff1e" perm="555" sizeinbytes="6156" timestamp="1037703056000"/>
        <file loc="include/xercesc/internal/IANAEncodings.hpp" md5sum="0ea2fcff8d7dfe74b30617033ba91ab2" perm="555" sizeinbytes="67614" timestamp="1037703056000"/>
        <file loc="include/xercesc/internal/XMLReader.hpp" md5sum="6bb22b125e0d6b0d8a79ac6e117e6198" perm="555" sizeinbytes="28991" timestamp="1037703057000"/>
        <file loc="include/xercesc/internal/ReaderMgr.hpp" md5sum="5afadc6386ab166631a74ef4b962591d" perm="555" sizeinbytes="17323" timestamp="1037703056000"/>
        <file loc="include/xercesc/framework/XMLErrorReporter.hpp" md5sum="c947f0e3effb435395ba3befa9051ecb" perm="555" sizeinbytes="9380" timestamp="1037703056000"/>
        <file loc="include/xercesc/framework/Wrapper4DOMInputSource.hpp" md5sum="b6a407b8521e1ad5e41269df40dc3f13" perm="555" sizeinbytes="9303" timestamp="1037703056000"/>
        <file loc="include/xercesc/framework/XMLValidityCodes.hpp" md5sum="4be653c2ff30e1631f6111fe84c8fd9c" perm="555" sizeinbytes="6622" timestamp="1037703056000"/>
        <file loc="include/xercesc/framework/XMLNotationDecl.hpp" md5sum="801bb55d5e43dec47b0bbe955dfe4a04" perm="555" sizeinbytes="8713" timestamp="1037703056000"/>
        <file loc="include/xercesc/framework/XMLValidator.hpp" md5sum="9aea085c59036e5c0bcaed01fcc723f0" perm="555" sizeinbytes="19700" timestamp="1037703056000"/>
        <file loc="include/xercesc/framework/XMLEntityHandler.hpp" md5sum="a8f83093612cdb609a163dde54a5fe36" perm="555" sizeinbytes="8812" timestamp="1037703056000"/>
        <file loc="include/xercesc/framework/XMLFormatter.hpp" md5sum="5880c4ac8998d783c6e68c92c565d893" perm="555" sizeinbytes="17347" timestamp="1037703056000"/>
        <file loc="include/xercesc/framework/XMLAttr.hpp" md5sum="c5d0a5dbdb91755b60c1790ffa13c121" perm="555" sizeinbytes="16448" timestamp="1037703056000"/>
        <file loc="include/xercesc/framework/XMLAttDefList.hpp" md5sum="b3c060e2330e6f3707b9d40ebfab83a6" perm="555" sizeinbytes="6653" timestamp="1037703056000"/>
        <file loc="include/xercesc/framework/StdInInputSource.hpp" md5sum="2ddf98bdd43b6c35a1bf60e9257b674d" perm="555" sizeinbytes="5815" timestamp="1037703056000"/>
        <file loc="include/xercesc/framework/XMLDocumentHandler.hpp" md5sum="bbb699bac6288bdcc5a1e81635a1736c" perm="555" sizeinbytes="13911" timestamp="1037703056000"/>
        <file loc="include/xercesc/framework/XMLErrorCodes.hpp" md5sum="a43cb30f85fabc6d498c5f2a8dcca2af" perm="555" sizeinbytes="15492" timestamp="1037703056000"/>
        <file loc="include/xercesc/framework/MemBufFormatTarget.hpp" md5sum="0a29604140a3a82ff120f160e59a4168" perm="555" sizeinbytes="6840" timestamp="1037703056000"/>
        <file loc="include/xercesc/framework/XMLRefInfo.hpp" md5sum="d735384ad525a71f84cc4b63317911ac" perm="555" sizeinbytes="7765" timestamp="1037703056000"/>
        <file loc="include/xercesc/framework/URLInputSource.hpp" md5sum="66bfacadff99f703ff937543abaa9e9a" perm="555" sizeinbytes="10348" timestamp="1037703056000"/>
        <file loc="include/xercesc/framework/LocalFileFormatTarget.hpp" md5sum="d1ae1e981310f514420b8a6e42452632" perm="555" sizeinbytes="4515" timestamp="1037703056000"/>
        <file loc="include/xercesc/framework/LocalFileInputSource.hpp" md5sum="099befefe73af38270c345e31f531814" perm="555" sizeinbytes="8218" timestamp="1037703056000"/>
        <file loc="include/xercesc/framework/Wrapper4InputSource.hpp" md5sum="c9d4d0ea7c2f23a920fdd58375ccfcb0" perm="555" sizeinbytes="11023" timestamp="1037703056000"/>
        <file loc="include/xercesc/framework/XMLContentModel.hpp" md5sum="9328c245d6738176b154deeddb723805" perm="555" sizeinbytes="8256" timestamp="1037703056000"/>
        <file loc="include/xercesc/framework/XMLElementDecl.hpp" md5sum="df528eaf58b20e6fe7b333fddd9b2a40" perm="555" sizeinbytes="24865" timestamp="1037703056000"/>
        <file loc="include/xercesc/framework/MemBufInputSource.hpp" md5sum="a9740a96c8be00bca39fa715bcb0500e" perm="555" sizeinbytes="10741" timestamp="1037703056000"/>
        <file loc="include/xercesc/framework/XMLBufferMgr.hpp" md5sum="1b9374fb46aae98c6bdeed3f8f58a323" perm="555" sizeinbytes="7666" timestamp="1037703056000"/>
        <file loc="include/xercesc/framework/XMLEntityDecl.hpp" md5sum="d6fcfb3a6269477569bdb5af24eb4f5a" perm="555" sizeinbytes="16475" timestamp="1037703056000"/>
        <file loc="include/xercesc/framework/XMLBuffer.hpp" md5sum="0c95892ade13f09122d8428dd13744fd" perm="555" sizeinbytes="7995" timestamp="1037703056000"/>
        <file loc="include/xercesc/framework/StdOutFormatTarget.hpp" md5sum="444becb5ec937dc5505d8d82cd509a97" perm="555" sizeinbytes="4138" timestamp="1037703056000"/>
        <file loc="include/xercesc/framework/XMLRecognizer.hpp" md5sum="260bb6e459f934610b20b34c49647021" perm="555" sizeinbytes="6845" timestamp="1037703056000"/>
        <file loc="include/xercesc/framework/XMLAttDef.hpp" md5sum="6c1de5c1992df1944f71b2f9ab6496b0" perm="555" sizeinbytes="21507" timestamp="1037703056000"/>
        <file loc="include/xercesc/framework/XMLPScanToken.hpp" md5sum="ecc90714951941ba3e724028c937a9fe" perm="555" sizeinbytes="7242" timestamp="1037703056000"/>
        <file loc="include/xercesc/dom/DOMEntityResolver.hpp" md5sum="b4ea546b60b32a05357124c41734988e" perm="555" sizeinbytes="7683" timestamp="1037703055000"/>
        <file loc="include/xercesc/dom/DOMUserDataHandler.hpp" md5sum="b259c7948f5262478e883722379f08d3" perm="555" sizeinbytes="6380" timestamp="1037703055000"/>
        <file loc="include/xercesc/dom/DOMImplementationSource.hpp" md5sum="1c031f69d471bd20ece532d96528bed7" perm="555" sizeinbytes="5290" timestamp="1037703055000"/>
        <file loc="include/xercesc/dom/DOMNodeFilter.hpp" md5sum="7eb1b10de6f4d8921653b27bd35676b7" perm="555" sizeinbytes="10565" timestamp="1037703055000"/>
        <file loc="include/xercesc/dom/DOMCharacterData.hpp" md5sum="f1b7e1979681dc0841a28c013034ebee" perm="555" sizeinbytes="10589" timestamp="1037703055000"/>
        <file loc="include/xercesc/dom/DOMNodeIterator.hpp" md5sum="23d7b24f86792f0dcc7024d83b2c7eeb" perm="555" sizeinbytes="9621" timestamp="1037703055000"/>
        <file loc="include/xercesc/dom/DOMInputSource.hpp" md5sum="171e87609acc6cf60cabf17fbd47ccef" perm="555" sizeinbytes="11405" timestamp="1037703055000"/>
        <file loc="include/xercesc/dom/DOMErrorHandler.hpp" md5sum="5fe462008f4b85c5ba93626be9dd583f" perm="555" sizeinbytes="5821" timestamp="1037703055000"/>
        <file loc="include/xercesc/dom/DOMTreeWalker.hpp" md5sum="fbde2638af34e3573f4978da758a3030" perm="555" sizeinbytes="13162" timestamp="1037703055000"/>
        <file loc="include/xercesc/dom/DOMError.hpp" md5sum="da3f5a338069cbc227bcb003bd955f98" perm="555" sizeinbytes="7728" timestamp="1037703055000"/>
        <file loc="include/xercesc/dom/DOMNotation.hpp" md5sum="3d00f1033ad1f40fc8c9c476aafb144a" perm="555" sizeinbytes="5430" timestamp="1037703055000"/>
        <file loc="include/xercesc/dom/DOMWriterFilter.hpp" md5sum="60b9c8953459e841e6d3fbcbc129d263" perm="555" sizeinbytes="7203" timestamp="1037703055000"/>
        <file loc="include/xercesc/dom/DOMDocumentTraversal.hpp" md5sum="76eb04d668df9a8546c1b22cf0151ad2" perm="555" sizeinbytes="9073" timestamp="1037703055000"/>
        <file loc="include/xercesc/dom/DOMImplementationLS.hpp" md5sum="fbaf7d38b11188e245f43734689c0de4" perm="555" sizeinbytes="8324" timestamp="1037703055000"/>
        <file loc="include/xercesc/dom/DOMEntity.hpp" md5sum="3dfa361716a28ef25b97bad3280dd7d3" perm="555" sizeinbytes="9497" timestamp="1037703055000"/>
        <file loc="include/xercesc/dom/DOMRange.hpp" md5sum="9505023b72510586781a1620929aa1ff" perm="555" sizeinbytes="23179" timestamp="1037703055000"/>
        <file loc="include/xercesc/dom/DOMComment.hpp" md5sum="eaf2fb4110813c758095717ee46c593c" perm="555" sizeinbytes="4145" timestamp="1037703055000"/>
        <file loc="include/xercesc/dom/DOMNamedNodeMap.hpp" md5sum="535cae7c61a7de3927c5ddd6ef76c8c3" perm="555" sizeinbytes="11630" timestamp="1037703055000"/>
        <file loc="include/xercesc/dom/DOMText.hpp" md5sum="1a239ed937434d5e56dd80f2be05c14f" perm="555" sizeinbytes="9526" timestamp="1037703055000"/>
        <file loc="include/xercesc/dom/DOMRangeException.hpp" md5sum="ac37cecf008f6db30fac58d4f97dca3f" perm="555" sizeinbytes="5678" timestamp="1037703055000"/>
        <file loc="include/xercesc/dom/DOMEntityReference.hpp" md5sum="4e56ede98009b8fc4760b273de579693" perm="555" sizeinbytes="5393" timestamp="1037703055000"/>
        <file loc="include/xercesc/dom/DOMDocument.hpp" md5sum="0acec98558155ec48fc1262940a8356c" perm="555" sizeinbytes="51561" timestamp="1037703055000"/>
        <file loc="include/xercesc/dom/DOMWriter.hpp" md5sum="3ce0414f0495cf7526aba18816db8c90" perm="555" sizeinbytes="26295" timestamp="1037703055000"/>
        <file loc="include/xercesc/dom/DOMElement.hpp" md5sum="b0f6bcbda723c0c65e536d7d32cc1b7e" perm="555" sizeinbytes="19160" timestamp="1037703055000"/>
        <file loc="include/xercesc/dom/DOMNode.hpp" md5sum="d2bc9d0754da6ab26b97fda9c5c92e06" perm="555" sizeinbytes="42580" timestamp="1037703055000"/>
        <file loc="include/xercesc/dom/deprecated/DOM_DOMImplementation.hpp" md5sum="f52dc56dc03ef37be9a047a00ccea176" perm="555" sizeinbytes="7815" timestamp="1037703054000"/>
        <file loc="include/xercesc/dom/deprecated/DOM_Text.hpp" md5sum="4c1d8e5e597c13e0593113ee84cfa251" perm="555" sizeinbytes="7585" timestamp="1037703054000"/>
        <file loc="include/xercesc/dom/deprecated/DOM_CDATASection.hpp" md5sum="662c6b1e57c7e41ac42bc5667c63f38d" perm="555" sizeinbytes="5622" timestamp="1037703054000"/>
        <file loc="include/xercesc/dom/deprecated/DOM_Document.hpp" md5sum="a92df48b7f9b9841221336b698e2f5a0" perm="555" sizeinbytes="25139" timestamp="1037703054000"/>
        <file loc="include/xercesc/dom/deprecated/DOM_XMLDecl.hpp" md5sum="d4238c2643ad1e0835405847cc32d92a" perm="555" sizeinbytes="5605" timestamp="1037703054000"/>
        <file loc="include/xercesc/dom/deprecated/DOM_Notation.hpp" md5sum="b9789c7c0cef70d55abe865192262516" perm="555" sizeinbytes="6370" timestamp="1037703054000"/>
        <file loc="include/xercesc/dom/deprecated/DOM_DocumentType.hpp" md5sum="300cf0f40a09cc9671ce7dec9e5c193b" perm="555" sizeinbytes="7478" timestamp="1037703054000"/>
        <file loc="include/xercesc/dom/deprecated/DOM_ProcessingInstruction.hpp" md5sum="36d2c8aa99df528872d649f25e9c82ae" perm="555" sizeinbytes="6657" timestamp="1037703054000"/>
        <file loc="include/xercesc/dom/deprecated/DOM_Range.hpp" md5sum="89eb54ea0595ed335eae4e8c7c1d18c5" perm="555" sizeinbytes="4972" timestamp="1037703054000"/>
        <file loc="include/xercesc/dom/deprecated/DOM_Comment.hpp" md5sum="4089eee2e970591184fe72860bf24ef6" perm="555" sizeinbytes="5343" timestamp="1037703054000"/>
        <file loc="include/xercesc/dom/deprecated/DOMParser.hpp" md5sum="35bfa7a374f55d1e56a9478553a217d6" perm="555" sizeinbytes="66528" timestamp="1037703054000"/>
        <file loc="include/xercesc/dom/deprecated/DOM_CharacterData.hpp" md5sum="8627ddefe5c61129c920769c4b036a30" perm="555" sizeinbytes="10602" timestamp="1037703054000"/>
        <file loc="include/xercesc/dom/deprecated/DOM_NodeList.hpp" md5sum="bab7ac6abfab02dd220ced5dd64059a9" perm="555" sizeinbytes="8012" timestamp="1037703054000"/>
        <file loc="include/xercesc/dom/deprecated/DOM_Element.hpp" md5sum="0a6100127a5f9022528a2f3102425998" perm="555" sizeinbytes="19115" timestamp="1037703054000"/>
        <file loc="include/xercesc/dom/deprecated/DOMString.hpp" md5sum="c6ebc743773684c84361aaeb35a37ab8" perm="555" sizeinbytes="15023" timestamp="1037703054000"/>
        <file loc="include/xercesc/dom/deprecated/DomMemDebug.hpp" md5sum="c9cc90beaf8b9e071fb506bd516dab45" perm="555" sizeinbytes="4080" timestamp="1037703054000"/>
        <file loc="include/xercesc/dom/deprecated/DOM_DOMException.hpp" md5sum="c763e7d4138f3cbadd263c3ffe907fd6" perm="555" sizeinbytes="5913" timestamp="1037703054000"/>
        <file loc="include/xercesc/dom/deprecated/DOM.hpp" md5sum="d19c6656b2bb8b9e54795a3af76e6cae" perm="555" sizeinbytes="3567" timestamp="1037703054000"/>
        <file loc="include/xercesc/dom/deprecated/DOM_Node.hpp" md5sum="26be57ed2857f57d397c803680eecba5" perm="555" sizeinbytes="24698" timestamp="1037703054000"/>
        <file loc="include/xercesc/dom/deprecated/DOM_TreeWalker.hpp" md5sum="d0cc52e2d1b02a1eeadc235c59e8a023" perm="555" sizeinbytes="10008" timestamp="1037703054000"/>
        <file loc="include/xercesc/dom/deprecated/DOM_NodeIterator.hpp" md5sum="319bcab69bfa3bb59961795d32e529ef" perm="555" sizeinbytes="7945" timestamp="1037703054000"/>
        <file loc="include/xercesc/dom/deprecated/DOM_DocumentFragment.hpp" md5sum="6f618517b119a35549c8f7d0747cf5af" perm="555" sizeinbytes="7710" timestamp="1037703054000"/>
        <file loc="include/xercesc/dom/deprecated/DOM_RangeException.hpp" md5sum="655cac62ff00e66468097bace453ec94" perm="555" sizeinbytes="5053" timestamp="1037703054000"/>
        <file loc="include/xercesc/dom/deprecated/DOM_Attr.hpp" md5sum="aee048655355adc08d52217d2e7dc0fc" perm="555" sizeinbytes="7578" timestamp="1037703054000"/>
        <file loc="include/xercesc/dom/deprecated/DOM_Entity.hpp" md5sum="0c293c100608f483211a929c723ac25a" perm="555" sizeinbytes="6130" timestamp="1037703054000"/>
        <file loc="include/xercesc/dom/deprecated/DOM_NodeFilter.hpp" md5sum="82b4013dafa4b92664e2132d5a6f87de" perm="555" sizeinbytes="7157" timestamp="1037703054000"/>
        <file loc="include/xercesc/dom/deprecated/DOM_EntityReference.hpp" md5sum="c8dfaf75c51b0171bf5552315cf41355" perm="555" sizeinbytes="5578" timestamp="1037703054000"/>
        <file loc="include/xercesc/dom/deprecated/DOM_NamedNodeMap.hpp" md5sum="7f24356fa00c6117e402ebd789beceef" perm="555" sizeinbytes="13413" timestamp="1037703054000"/>
        <file loc="include/xercesc/dom/DOMCDATASection.hpp" md5sum="14ec9149b4ae9f1177f76680a818320c" perm="555" sizeinbytes="5962" timestamp="1037703055000"/>
        <file loc="include/xercesc/dom/DOMDocumentRange.hpp" md5sum="600992e7325b37c703e7e8c6bccd3c29" perm="555" sizeinbytes="4797" timestamp="1037703055000"/>
        <file loc="include/xercesc/dom/DOMException.hpp" md5sum="04e6cbe7f75dcb4e202e86f9f45a5da7" perm="555" sizeinbytes="9396" timestamp="1037703055000"/>
        <file loc="include/xercesc/dom/DOMNodeList.hpp" md5sum="45881f549f6321ef14c7c483557b3ff5" perm="555" sizeinbytes="5399" timestamp="1037703055000"/>
        <file loc="include/xercesc/dom/DOM.hpp" md5sum="a9461c4e8ae53d0e6ce44ed112cf10b6" perm="555" sizeinbytes="4602" timestamp="1037703055000"/>
        <file loc="include/xercesc/dom/DOMImplementationRegistry.hpp" md5sum="470f4c504ded54bceadde213f8fb520a" perm="555" sizeinbytes="4949" timestamp="1037703055000"/>
        <file loc="include/xercesc/dom/DOMProcessingInstruction.hpp" md5sum="63a41606bc84346e275a45e5ec3a00c5" perm="555" sizeinbytes="5819" timestamp="1037703055000"/>
        <file loc="include/xercesc/dom/DOMLocator.hpp" md5sum="667d8d67c47598665551710c4b3e28e1" perm="555" sizeinbytes="8225" timestamp="1037703055000"/>
        <file loc="include/xercesc/dom/DOMDocumentFragment.hpp" md5sum="7128b4294665f0abdde04ac54134ad22" perm="555" sizeinbytes="6230" timestamp="1037703055000"/>
        <file loc="include/xercesc/dom/DOMAttr.hpp" md5sum="5bc570b16f494a13a2b9f30df802e1ed" perm="555" sizeinbytes="7133" timestamp="1037703055000"/>
        <file loc="include/xercesc/dom/DOMDocumentType.hpp" md5sum="e353acd3d9644dc89a226a8e7a5e50ac" perm="555" sizeinbytes="7412" timestamp="1037703055000"/>
        <file loc="include/xercesc/dom/DOMImplementation.hpp" md5sum="a725a93b044f2d406b67a025f1e0ae3d" perm="555" sizeinbytes="13019" timestamp="1037703055000"/>
        <file loc="include/xercesc/dom/DOMBuilder.hpp" md5sum="43ccfbb3661f16eccca2a92f7d5642b1" perm="555" sizeinbytes="29072" timestamp="1037703055000"/>
        <file loc="include/xercesc/dom/impl/DOMDeepNodeListPool.c" md5sum="eda5cedea8d7fcd0b2ea9894ba4c182b" perm="555" sizeinbytes="14656" timestamp="1037703055000"/>
        <file loc="include/xercesc/sax/DTDHandler.hpp" md5sum="7a2b9227ae5c9a3aebaaa85feee201b5" perm="555" sizeinbytes="7632" timestamp="1037703057000"/>
        <file loc="include/xercesc/sax/InputSource.hpp" md5sum="ad723a0067b76a177abbe29329ea7675" perm="555" sizeinbytes="13920" timestamp="1037703057000"/>
        <file loc="include/xercesc/sax/SAXException.hpp" md5sum="6ef4405fc1dcb681c1edd9e281cd90ef" perm="555" sizeinbytes="7745" timestamp="1037703057000"/>
        <file loc="include/xercesc/sax/AttributeList.hpp" md5sum="2f74b93b2a193d5d192968caa7213d8c" perm="555" sizeinbytes="10600" timestamp="1037703057000"/>
        <file loc="include/xercesc/sax/EntityResolver.hpp" md5sum="4e94a37f6ab8efd6d5421ba20b366e64" perm="555" sizeinbytes="8377" timestamp="1037703057000"/>
        <file loc="include/xercesc/sax/ErrorHandler.hpp" md5sum="e65957c211738435a513481dd5a377d2" perm="555" sizeinbytes="8451" timestamp="1037703057000"/>
        <file loc="include/xercesc/sax/DocumentHandler.hpp" md5sum="d4a49cecbc81a5d368b55fde4b94d6a9" perm="555" sizeinbytes="13015" timestamp="1037703057000"/>
        <file loc="include/xercesc/sax/HandlerBase.hpp" md5sum="a29875b33385f6198750e21c560f5a01" perm="555" sizeinbytes="17251" timestamp="1037703057000"/>
        <file loc="include/xercesc/sax/Locator.hpp" md5sum="d982dd26b2a7c1a30b4a4906feac671d" perm="555" sizeinbytes="6826" timestamp="1037703057000"/>
        <file loc="include/xercesc/sax/SAXParseException.hpp" md5sum="7e353cda20d7182f5ae66db6adbe35b7" perm="555" sizeinbytes="8213" timestamp="1037703057000"/>
        <file loc="include/xercesc/sax/Parser.hpp" md5sum="71fee0abfa00e577c7f9ff7abd4cffcf" perm="555" sizeinbytes="11343" timestamp="1037703057000"/>
        <file loc="lib/64/libxerces-c2_1.so" md5sum="b2e424822b0d396bf01976553134ba80" perm="555" sizeinbytes="3391707" timestamp="1149285789000"/>
        <file loc="lib/libxerces-c2_1.so" md5sum="600eb119ee21d262043ae91656452792" perm="555" sizeinbytes="3112252" timestamp="1087841997000"/>
    </installcomponent>
    <directorylist>
        <dir loc="include" perm="664" sizeinbytes="4524172"/>
        <dir loc="include/xercesc" perm="664" sizeinbytes="4520076"/>
        <dir loc="include/xercesc/parsers" perm="664" sizeinbytes="260283"/>
        <dir loc="include/xercesc/validators" perm="664" sizeinbytes="789106"/>
        <dir loc="include/xercesc/validators/common" perm="664" sizeinbytes="132871"/>
        <dir loc="include/xercesc/validators/schema" perm="664" sizeinbytes="341837"/>
        <dir loc="include/xercesc/validators/schema/identity" perm="664" sizeinbytes="112067"/>
        <dir loc="include/xercesc/validators/DTD" perm="664" sizeinbytes="81520"/>
        <dir loc="include/xercesc/validators/datatype" perm="664" sizeinbytes="228782"/>
        <dir loc="include/xercesc/sax2" perm="664" sizeinbytes="119783"/>
        <dir loc="include/xercesc/util" perm="664" sizeinbytes="1930434"/>
        <dir loc="include/xercesc/util/Transcoders" perm="664" sizeinbytes="17231"/>
        <dir loc="include/xercesc/util/Transcoders/Iconv" perm="664" sizeinbytes="13135"/>
        <dir loc="include/xercesc/util/NetAccessors" perm="664" sizeinbytes="17796"/>
        <dir loc="include/xercesc/util/NetAccessors/Socket" perm="664" sizeinbytes="13700"/>
        <dir loc="include/xercesc/util/Compilers" perm="664" sizeinbytes="141444"/>
        <dir loc="include/xercesc/util/MsgLoaders" perm="664" sizeinbytes="307014"/>
        <dir loc="include/xercesc/util/MsgLoaders/InMemory" perm="664" sizeinbytes="302918"/>
        <dir loc="include/xercesc/util/regx" perm="664" sizeinbytes="606609"/>
        <dir loc="include/xercesc/util/Platforms" perm="664" sizeinbytes="42504"/>
        <dir loc="include/xercesc/util/Platforms/HPUX" perm="664" sizeinbytes="7674"/>
        <dir loc="include/xercesc/util/Platforms/AIX" perm="664" sizeinbytes="7813"/>
        <dir loc="include/xercesc/util/Platforms/Tru64" perm="664" sizeinbytes="7375"/>
        <dir loc="include/xercesc/util/Platforms/Linux" perm="664" sizeinbytes="7798"/>
        <dir loc="include/xercesc/util/Platforms/Solaris" perm="664" sizeinbytes="7748"/>
        <dir loc="include/xercesc/internal" perm="664" sizeinbytes="215601"/>
        <dir loc="include/xercesc/framework" perm="664" sizeinbytes="306731"/>
        <dir loc="include/xercesc/dom" perm="664" sizeinbytes="776573"/>
        <dir loc="include/xercesc/dom/deprecated" perm="664" sizeinbytes="314792"/>
        <dir loc="include/xercesc/dom/impl" perm="664" sizeinbytes="18752"/>
        <dir loc="include/xercesc/sax" perm="664" sizeinbytes="117469"/>
        <dir loc="lib" perm="664" sizeinbytes="6512151"/>
        <dir loc="lib/64" perm="664" sizeinbytes="3395803"/>
    </directorylist>
</installcomponents>
