<?xml version="1.0" encoding="UTF-8" standalone="no"?>
<installcomponents>
    <assemblyProperties displayName="TIBCO Runtime Agent Platform" installLocation="${tra.home}"/>
    <wizardAction class="com.tibco.installer.wizard.action.TIBCORunExternalClassWizardAction" sequence="post-install">
        <property jarFile="tra_platform.jar"/>
        <property classname="com.tibco.installer.product.tra_platform.TIBCOTRADatabaseConfigPanelWizardAction"/>
    </wizardAction>
    <wizardAction class="com.tibco.installer.wizard.action.TIBCOCheckForInstallLoc" sequence="install">
        <property productAcronym="RV"/>
        <property minimumVersion="${minimum.rv.version}"/>
        <property vpdUID="tibrv"/>
        <property productAssemblyUID="product_tibco_rv_common"/>
        <property productAssemblyMinVersion="${minimum.rv.version}"/>
        <property showProgress="true"/>
        <property description="Checking RV install location"/>
    </wizardAction>
    <wizardAction class="com.tibco.installer.wizard.action.TIBCOCheckForInstallLoc" sequence="post-install">
        <property productAcronym="hawk"/>
        <property minimumVersion="${minimum.hawk.version}"/>
        <property vpdUID="hawk_agent"/>
        <property productAssemblyUID="product_tibco_hawk_agent_common"/>
        <property productAssemblyMinVersion="${minimum.hawk.version}"/>
        <property showProgress="true"/>
        <property description="Checking Hawk install location"/>
    </wizardAction>
    <wizardAction class="com.tibco.installer.wizard.action.TIBCOCheckForInstallLoc" sequence="post-install">
        <property productAcronym="tpcl"/>
        <property minimumVersion="${minimum.tpcl.version}"/>
        <property vpdUID="tpcl"/>
        <property productAssemblyUID="product_tibco_tpcl_common"/>
        <property productAssemblyMinVersion="${minimum.tpcl.version}"/>
        <property showProgress="true"/>
        <property description="Checking TPCL install location"/>
    </wizardAction>
    <wizardAction class="com.tibco.installer.wizard.action.TIBCOCheckForInstallLoc" sequence="post-install">
        <property productAcronym="Designer"/>
        <property minimumVersion="${minimum.designer.version}"/>
        <property vpdUID="Designer"/>
        <property productAssemblyUID="product_tibco_designer_common"/>
        <property productAssemblyMinVersion="${minimum.designer.version}"/>
        <property showProgress="true"/>
        <property description="Checking Designer install location"/>
    </wizardAction>
    <wizardAction class="com.tibco.installer.wizard.action.TIBCOCreateWindowsShortcutWizardAction" sequence="post-install">
        <property shortcutFolder="TIBCO/${tibco.environment.name}/TIBCO Runtime Agent ${tra.short.version}"/>
        <property shortcutName="Readme"/>
        <property shortcutTarget="${tibco.home}/release_notes/TIB_TRA_${tra.version}_readme.txt"/>
        <property shortcutArgs=""/>
        <property shortcutIcon=""/>
        <property shortcutWorkingDirectory="${tibco.home}/release_notes"/>
        <property showProgress="true"/>
        <property description="Creating TRA Readme Shortcut"/>
    </wizardAction>
    <wizardAction class="com.tibco.installer.wizard.action.TIBCOCreateWindowsShortcutWizardAction" sequence="post-install">
        <property shortcutFolder="TIBCO/${tibco.environment.name}/TIBCO Runtime Agent ${tra.short.version}"/>
        <property shortcutName="Domain Utility"/>
        <property shortcutTarget="${tra.home}/bin/domainutility.exe"/>
        <property shortcutArgs=""/>
        <property shortcutIcon=""/>
        <property shortcutWorkingDirectory="${tra.home}/bin"/>
        <property showProgress="true"/>
        <property description="Creating TRA DomainUtility Shortcut"/>
    </wizardAction>
    <wizardAction class="com.tibco.installer.wizard.action.TIBCOCreateWindowsShortcutWizardAction" sequence="post-install">
        <property shortcutFolder="TIBCO/${tibco.environment.name}/TIBCO Runtime Agent ${tra.short.version}"/>
        <property shortcutName="MUI Language Chooser"/>
        <property shortcutTarget="${tra.home}/bin/MUILangChooser.exe"/>
        <property shortcutArgs=""/>
        <property shortcutIcon=""/>
        <property shortcutWorkingDirectory="${tra.home}/bin"/>
        <property showProgress="true"/>
        <property description="Creating TRA MUILangChooser Shortcut"/>
    </wizardAction>
    <wizardAction class="com.tibco.installer.wizard.action.TIBCORemoveWindowsShortcutWizardAction" sequence="post-install">
        <property shortcutFolder="TIBCO/${tibco.environment.name}/TIBCO Runtime Agent ${tra.short.version}"/>
        <property shortcutName="Uninstall"/>
    </wizardAction>
    <wizardAction class="com.tibco.installer.wizard.action.TIBCORemoveWindowsShortcutWizardAction" sequence="post-uninstall">
        <property shortcutFolder="TIBCO/${tibco.environment.name}/TIBCO Runtime Agent ${tra.short.version}"/>
        <property shortcutName="Readme"/>
        <property showProgress="true"/>
        <property description="Removing TRA Readme Shortcut"/>
    </wizardAction>
    <wizardAction class="com.tibco.installer.wizard.action.TIBCORemoveWindowsShortcutWizardAction" sequence="post-uninstall">
        <property shortcutFolder="TIBCO/${tibco.environment.name}/TIBCO Runtime Agent ${tra.short.version}"/>
        <property shortcutName="Domain Utility"/>
        <property showProgress="true"/>
        <property description="Removing TRA DomainUtility Shortcut"/>
    </wizardAction>
    <wizardAction class="com.tibco.installer.wizard.action.TIBCORemoveWindowsShortcutWizardAction" sequence="post-uninstall">
        <property shortcutFolder="TIBCO/${tibco.environment.name}/TIBCO Runtime Agent ${tra.short.version}"/>
        <property shortcutName="MUI Language Chooser"/>
        <property showProgress="true"/>
        <property description="Removing TRA MUILangChooser Shortcut"/>
    </wizardAction>
    <installcomponent buildType="formal" currenttimestamp="11-12-2012-12-38-PM" prefix="product_tibco" sizeinbytes="41389979" uid="tra_platform" version="5.8.0.016">
        <file loc="include/wrapper/Logging.h" md5sum="a6b67f0bece07007ee34599b95f873b2" perm="444" sizeinbytes="974" timestamp="1352188622000"/>
        <file loc="include/wrapper/Types.h" md5sum="5056fc0525dca7148f99647148cc5f44" perm="444" sizeinbytes="1752" timestamp="1352188622000"/>
        <file loc="include/wrapper/WrapperMethods.h" md5sum="8f094d89cadf6db27f44f252b53717b0" perm="444" sizeinbytes="277" timestamp="1352188622000"/>
        <file loc="include/wrapper/ExternalTypes.h" md5sum="a717cced02e401cdfc8023ea7b58fa6d" perm="444" sizeinbytes="531" timestamp="1352188622000"/>
        <file loc="lib/libwrap.a" md5sum="f26914e36ea792ab1125fb794f6ef723" perm="555" sizeinbytes="172540" timestamp="1352188622000"/>
        <file loc="lib/libmaverick53.so" md5sum="70b514a8784421d66a086f2e252fc70e" perm="555" sizeinbytes="7518213" timestamp="1241029908000"/>
        <file loc="lib/librepowww532.so" md5sum="e23782b7ebce19e012c5625e2f141821" perm="555" sizeinbytes="816856" timestamp="1228194743000"/>
        <file loc="lib/xmlparsers.jar" md5sum="94f7f8ad1e4fc9424453ceb7493454bf" perm="755" sizeinbytes="24646" timestamp="1329143969000"/>
        <file loc="lib/librepowww53264.so" md5sum="95e4d74d59f220cb1d66f2e564c693b4" perm="555" sizeinbytes="1017624" timestamp="1228194744000"/>
        <file loc="lib/libmaverick5364.so" md5sum="3e19233350d455102acb4b00f6c5e2bf" perm="555" sizeinbytes="8122426" timestamp="1241030090000"/>
        <file loc="lib/libmaverick50.so" md5sum="c25d7e534000c66d5a264f6e559d2214" perm="555" sizeinbytes="8331229" timestamp="1242409218000"/>
        <file loc="config/g11n/tibicudata.dat" md5sum="22dddf8aef1b19177cb075781d70b6f0" perm="644" sizeinbytes="4763596" timestamp="1192115834000"/>
        <file loc="config/g11n/tibicudata32.dat" md5sum="423ccf2dbfc96ba034a7d042c86b9729" perm="644" sizeinbytes="10427728" timestamp="1289976797000"/>
        <file loc="sample/auth/bin/CompileSample.sh_template" md5sum="501872b700dbaf9b1a8e057573a40bd9" perm="555" sizeinbytes="556" timestamp="1352260985000"/>
        <file loc="sample/auth/bin/RunSample.sh_template" md5sum="71a9f211ae681ae1aa592a65cfaa8966" perm="555" sizeinbytes="351" timestamp="1352260985000"/>
        <file loc="bin/ae2xsd.sh_template" md5sum="536a52ad19bfe0654a16635e96493e6d" perm="555" sizeinbytes="877" timestamp="1352416460000"/>
        <file loc="bin/MoveMachine.tra_template" md5sum="c10419a3ff53dc312470110f077db855" perm="644" sizeinbytes="2410" timestamp="1352260981000"/>
        <file loc="bin/aelisten" md5sum="68ac14b5718e98708dc45ae50532252c" perm="555" sizeinbytes="77843" timestamp="1289976796000"/>
        <file loc="bin/aesend" md5sum="f8ff8ffaefb544b4da0ff05cb4143e9b" perm="555" sizeinbytes="68590" timestamp="1289976796000"/>
    </installcomponent>
    <directorylist>
        <dir loc="include" perm="664" sizeinbytes="11726"/>
        <dir loc="include/wrapper" perm="664" sizeinbytes="7630"/>
        <dir loc="lib" perm="664" sizeinbytes="26007630"/>
        <dir loc="config" perm="664" sizeinbytes="15199516"/>
        <dir loc="config/g11n" perm="664" sizeinbytes="15195420"/>
        <dir loc="sample" perm="664" sizeinbytes="13195"/>
        <dir loc="sample/auth" perm="664" sizeinbytes="9099"/>
        <dir loc="sample/auth/bin" perm="664" sizeinbytes="5003"/>
        <dir loc="bin" perm="664" sizeinbytes="153816"/>
    </directorylist>
</installcomponents>
